month,type,prefix,scope,variable,grid_value_sum,grids
202507,age,11030,all_observed,10대,0.16,1
202507,age,11030,all_observed,20대,0.26,1
202507,age,11030,all_observed,30대,0.32999999999999996,1
202507,age,11030,all_observed,40대,0.35,1
202507,age,11030,all_observed,50대,0.30000000000000004,1
202507,age,11030,all_observed,60대 이상,0.28,1
202507,age,11030,common_6months,10대,0.16,1
202507,age,11030,common_6months,20대,0.26,1
202507,age,11030,common_6months,30대,0.32999999999999996,1
202507,age,11030,common_6months,40대,0.35,1
202507,age,11030,common_6months,50대,0.30000000000000004,1
202507,age,11030,common_6months,60대 이상,0.28,1
202508,age,11030,all_observed,10대,0.16,1
202508,age,11030,all_observed,20대,0.26,1
202508,age,11030,all_observed,30대,0.28,1
202508,age,11030,all_observed,40대,0.30000000000000004,1
202508,age,11030,all_observed,50대,0.28,1
202508,age,11030,all_observed,60대 이상,0.21000000000000002,1
202508,age,11030,common_6months,10대,0.16,1
202508,age,11030,common_6months,20대,0.26,1
202508,age,11030,common_6months,30대,0.28,1
202508,age,11030,common_6months,40대,0.30000000000000004,1
202508,age,11030,common_6months,50대,0.28,1
202508,age,11030,common_6months,60대 이상,0.21000000000000002,1
202509,age,11030,all_observed,10대,0.16,1
202509,age,11030,all_observed,20대,0.26,1
202509,age,11030,all_observed,30대,0.35,1
202509,age,11030,all_observed,40대,0.4,1
202509,age,11030,all_observed,50대,0.38,1
202509,age,11030,all_observed,60대 이상,0.33,1
202509,age,11030,common_6months,10대,0.16,1
202509,age,11030,common_6months,20대,0.26,1
202509,age,11030,common_6months,30대,0.35,1
202509,age,11030,common_6months,40대,0.4,1
202509,age,11030,common_6months,50대,0.38,1
202509,age,11030,common_6months,60대 이상,0.33,1
202510,age,11030,all_observed,10대,0.16,1
202510,age,11030,all_observed,20대,0.26,1
202510,age,11030,all_observed,30대,0.35,1
202510,age,11030,all_observed,40대,0.35,1
202510,age,11030,all_observed,50대,0.33,1
202510,age,11030,all_observed,60대 이상,0.31,1
202510,age,11030,common_6months,10대,0.16,1
202510,age,11030,common_6months,20대,0.26,1
202510,age,11030,common_6months,30대,0.35,1
202510,age,11030,common_6months,40대,0.35,1
202510,age,11030,common_6months,50대,0.33,1
202510,age,11030,common_6months,60대 이상,0.31,1
202511,age,11030,all_observed,10대,0.16,1
202511,age,11030,all_observed,20대,0.26,1
202511,age,11030,all_observed,30대,0.35,1
202511,age,11030,all_observed,40대,0.35,1
202511,age,11030,all_observed,50대,0.33,1
202511,age,11030,all_observed,60대 이상,0.28,1
202511,age,11030,common_6months,10대,0.16,1
202511,age,11030,common_6months,20대,0.26,1
202511,age,11030,common_6months,30대,0.35,1
202511,age,11030,common_6months,40대,0.35,1
202511,age,11030,common_6months,50대,0.33,1
202511,age,11030,common_6months,60대 이상,0.28,1
202512,age,11030,all_observed,10대,0.16,1
202512,age,11030,all_observed,20대,0.23,1
202512,age,11030,all_observed,30대,0.28,1
202512,age,11030,all_observed,40대,0.30000000000000004,1
202512,age,11030,all_observed,50대,0.26,1
202512,age,11030,all_observed,60대 이상,0.21000000000000002,1
202512,age,11030,common_6months,10대,0.16,1
202512,age,11030,common_6months,20대,0.23,1
202512,age,11030,common_6months,30대,0.28,1
202512,age,11030,common_6months,40대,0.30000000000000004,1
202512,age,11030,common_6months,50대,0.26,1
202512,age,11030,common_6months,60대 이상,0.21000000000000002,1
202507,age,11040,all_observed,10대,0.0,1
202507,age,11040,all_observed,20대,0.0,1
202507,age,11040,all_observed,30대,0.0,1
202507,age,11040,all_observed,40대,0.03,1
202507,age,11040,all_observed,50대,0.05,1
202507,age,11040,all_observed,60대 이상,0.0,1
202507,age,11040,common_6months,10대,0.0,1
202507,age,11040,common_6months,20대,0.0,1
202507,age,11040,common_6months,30대,0.0,1
202507,age,11040,common_6months,40대,0.03,1
202507,age,11040,common_6months,50대,0.05,1
202507,age,11040,common_6months,60대 이상,0.0,1
202508,age,11040,all_observed,10대,0.0,1
202508,age,11040,all_observed,20대,0.0,1
202508,age,11040,all_observed,30대,0.0,1
202508,age,11040,all_observed,40대,0.0,1
202508,age,11040,all_observed,50대,0.05,1
202508,age,11040,all_observed,60대 이상,0.0,1
202508,age,11040,common_6months,10대,0.0,1
202508,age,11040,common_6months,20대,0.0,1
202508,age,11040,common_6months,30대,0.0,1
202508,age,11040,common_6months,40대,0.0,1
202508,age,11040,common_6months,50대,0.05,1
202508,age,11040,common_6months,60대 이상,0.0,1
202509,age,11040,all_observed,10대,0.0,1
202509,age,11040,all_observed,20대,0.06,1
202509,age,11040,all_observed,30대,0.1,1
202509,age,11040,all_observed,40대,0.1,1
202509,age,11040,all_observed,50대,0.15000000000000002,1
202509,age,11040,all_observed,60대 이상,0.11,1
202509,age,11040,common_6months,10대,0.0,1
202509,age,11040,common_6months,20대,0.06,1
202509,age,11040,common_6months,30대,0.1,1
202509,age,11040,common_6months,40대,0.1,1
202509,age,11040,common_6months,50대,0.15000000000000002,1
202509,age,11040,common_6months,60대 이상,0.11,1
202510,age,11040,all_observed,10대,0.0,1
202510,age,11040,all_observed,20대,0.0,1
202510,age,11040,all_observed,30대,0.08,1
202510,age,11040,all_observed,40대,0.1,1
202510,age,11040,all_observed,50대,0.1,1
202510,age,11040,all_observed,60대 이상,0.08,1
202510,age,11040,common_6months,10대,0.0,1
202510,age,11040,common_6months,20대,0.0,1
202510,age,11040,common_6months,30대,0.08,1
202510,age,11040,common_6months,40대,0.1,1
202510,age,11040,common_6months,50대,0.1,1
202510,age,11040,common_6months,60대 이상,0.08,1
202511,age,11040,all_observed,10대,0.0,1
202511,age,11040,all_observed,20대,0.0,1
202511,age,11040,all_observed,30대,0.05,1
202511,age,11040,all_observed,40대,0.1,1
202511,age,11040,all_observed,50대,0.1,1
202511,age,11040,all_observed,60대 이상,0.08,1
202511,age,11040,common_6months,10대,0.0,1
202511,age,11040,common_6months,20대,0.0,1
202511,age,11040,common_6months,30대,0.05,1
202511,age,11040,common_6months,40대,0.1,1
202511,age,11040,common_6months,50대,0.1,1
202511,age,11040,common_6months,60대 이상,0.08,1
202512,age,11040,all_observed,10대,0.0,1
202512,age,11040,all_observed,20대,0.0,1
202512,age,11040,all_observed,30대,0.05,1
202512,age,11040,all_observed,40대,0.1,1
202512,age,11040,all_observed,50대,0.1,1
202512,age,11040,all_observed,60대 이상,0.05,1
202512,age,11040,common_6months,10대,0.0,1
202512,age,11040,common_6months,20대,0.0,1
202512,age,11040,common_6months,30대,0.05,1
202512,age,11040,common_6months,40대,0.1,1
202512,age,11040,common_6months,50대,0.1,1
202512,age,11040,common_6months,60대 이상,0.05,1
202507,age,11220,all_observed,10대,407.69000000000005,8
202507,age,11220,all_observed,20대,1448.8899999999999,8
202507,age,11220,all_observed,30대,1269.5300000000002,8
202507,age,11220,all_observed,40대,1057.0700000000002,8
202507,age,11220,all_observed,50대,796.8399999999999,8
202507,age,11220,all_observed,60대 이상,762.81,8
202507,age,11220,common_6months,10대,407.69000000000005,8
202507,age,11220,common_6months,20대,1448.8899999999999,8
202507,age,11220,common_6months,30대,1269.5300000000002,8
202507,age,11220,common_6months,40대,1057.0700000000002,8
202507,age,11220,common_6months,50대,796.8399999999999,8
202507,age,11220,common_6months,60대 이상,762.81,8
202508,age,11220,all_observed,10대,399.55,8
202508,age,11220,all_observed,20대,1409.1999999999998,8
202508,age,11220,all_observed,30대,1210.58,8
202508,age,11220,all_observed,40대,987.0300000000002,8
202508,age,11220,all_observed,50대,742.13,8
202508,age,11220,all_observed,60대 이상,706.71,8
202508,age,11220,common_6months,10대,399.55,8
202508,age,11220,common_6months,20대,1409.1999999999998,8
202508,age,11220,common_6months,30대,1210.58,8
202508,age,11220,common_6months,40대,987.0300000000002,8
202508,age,11220,common_6months,50대,742.13,8
202508,age,11220,common_6months,60대 이상,706.71,8
202509,age,11220,all_observed,10대,367.91,8
202509,age,11220,all_observed,20대,1469.9099999999999,8
202509,age,11220,all_observed,30대,1374.85,8
202509,age,11220,all_observed,40대,1117.8700000000001,8
202509,age,11220,all_observed,50대,840.66,8
202509,age,11220,all_observed,60대 이상,812.8199999999999,8
202509,age,11220,common_6months,10대,367.91,8
202509,age,11220,common_6months,20대,1469.9099999999999,8
202509,age,11220,common_6months,30대,1374.85,8
202509,age,11220,common_6months,40대,1117.8700000000001,8
202509,age,11220,common_6months,50대,840.66,8
202509,age,11220,common_6months,60대 이상,812.8199999999999,8
202510,age,11220,all_observed,10대,410.15,8
202510,age,11220,all_observed,20대,1505.35,8
202510,age,11220,all_observed,30대,1340.1999999999998,8
202510,age,11220,all_observed,40대,1074.26,8
202510,age,11220,all_observed,50대,805.64,8
202510,age,11220,all_observed,60대 이상,782.78,8
202510,age,11220,common_6months,10대,410.15,8
202510,age,11220,common_6months,20대,1505.35,8
202510,age,11220,common_6months,30대,1340.1999999999998,8
202510,age,11220,common_6months,40대,1074.26,8
202510,age,11220,common_6months,50대,805.64,8
202510,age,11220,common_6months,60대 이상,782.78,8
202511,age,11220,all_observed,10대,415.05,8
202511,age,11220,all_observed,20대,1568.48,8
202511,age,11220,all_observed,30대,1411.5500000000002,8
202511,age,11220,all_observed,40대,1136.22,8
202511,age,11220,all_observed,50대,843.78,8
202511,age,11220,all_observed,60대 이상,805.4100000000001,8
202511,age,11220,common_6months,10대,415.05,8
202511,age,11220,common_6months,20대,1568.48,8
202511,age,11220,common_6months,30대,1411.5500000000002,8
202511,age,11220,common_6months,40대,1136.22,8
202511,age,11220,common_6months,50대,843.78,8
202511,age,11220,common_6months,60대 이상,805.4100000000001,8
202512,age,11220,all_observed,10대,443.7900000000001,8
202512,age,11220,all_observed,20대,1523.74,8
202512,age,11220,all_observed,30대,1391.7599999999998,8
202512,age,11220,all_observed,40대,1154.77,8
202512,age,11220,all_observed,50대,861.78,8
202512,age,11220,all_observed,60대 이상,817.1399999999999,8
202512,age,11220,common_6months,10대,443.7900000000001,8
202512,age,11220,common_6months,20대,1523.74,8
202512,age,11220,common_6months,30대,1391.7599999999998,8
202512,age,11220,common_6months,40대,1154.77,8
202512,age,11220,common_6months,50대,861.78,8
202512,age,11220,common_6months,60대 이상,817.1399999999999,8
202507,age,11230,all_observed,10대,666592.35,15250
202507,age,11230,all_observed,20대,1176216.36,15250
202507,age,11230,all_observed,30대,1461426.87,15250
202507,age,11230,all_observed,40대,1552478.6600000001,15250
202507,age,11230,all_observed,50대,1289927.4500000002,15250
202507,age,11230,all_observed,60대 이상,1396350.5699999998,15250
202507,age,11230,common_6months,10대,666549.52,15178
202507,age,11230,common_6months,20대,1176195.37,15178
202507,age,11230,common_6months,30대,1461400.78,15178
202507,age,11230,common_6months,40대,1552421.6199999999,15178
202507,age,11230,common_6months,50대,1289867.48,15178
202507,age,11230,common_6months,60대 이상,1396259.56,15178
202508,age,11230,all_observed,10대,672810.28,15299
202508,age,11230,all_observed,20대,1119760.6099999999,15299
202508,age,11230,all_observed,30대,1375313.06,15299
202508,age,11230,all_observed,40대,1455198.29,15299
202508,age,11230,all_observed,50대,1221654.4100000001,15299
202508,age,11230,all_observed,60대 이상,1339602.5,15299
202508,age,11230,common_6months,10대,672662.5700000001,15178
202508,age,11230,common_6months,20대,1119711.02,15178
202508,age,11230,common_6months,30대,1375248.51,15178
202508,age,11230,common_6months,40대,1455066.9700000002,15178
202508,age,11230,common_6months,50대,1221528.0899999999,15178
202508,age,11230,common_6months,60대 이상,1339382.03,15178
202509,age,11230,all_observed,10대,646495.38,15350
202509,age,11230,all_observed,20대,1144906.2200000002,15350
202509,age,11230,all_observed,30대,1488390.74,15350
202509,age,11230,all_observed,40대,1570462.0699999998,15350
202509,age,11230,all_observed,50대,1306387.22,15350
202509,age,11230,all_observed,60대 이상,1442780.88,15350
202509,age,11230,common_6months,10대,646242.78,15178
202509,age,11230,common_6months,20대,1144836.6,15178
202509,age,11230,common_6months,30대,1488291.46,15178
202509,age,11230,common_6months,40대,1570262.0,15178
202509,age,11230,common_6months,50대,1306197.9300000002,15178
202509,age,11230,common_6months,60대 이상,1442446.44,15178
202510,age,11230,all_observed,10대,644592.57,15383
202510,age,11230,all_observed,20대,1094959.6400000001,15383
202510,age,11230,all_observed,30대,1365546.79,15383
202510,age,11230,all_observed,40대,1447364.24,15383
202510,age,11230,all_observed,50대,1219813.27,15383
202510,age,11230,all_observed,60대 이상,1360080.33,15383
202510,age,11230,common_6months,10대,644300.31,15178
202510,age,11230,common_6months,20대,1094859.7799999998,15178
202510,age,11230,common_6months,30대,1365412.67,15178
202510,age,11230,common_6months,40대,1447103.05,15178
202510,age,11230,common_6months,50대,1219565.8599999999,15178
202510,age,11230,common_6months,60대 이상,1359664.16,15178
202511,age,11230,all_observed,10대,669063.52,15414
202511,age,11230,all_observed,20대,1155633.73,15414
202511,age,11230,all_observed,30대,1443536.46,15414
202511,age,11230,all_observed,40대,1518227.81,15414
202511,age,11230,all_observed,50대,1263324.3,15414
202511,age,11230,all_observed,60대 이상,1409363.8900000001,15414
202511,age,11230,common_6months,10대,668726.79,15178
202511,age,11230,common_6months,20대,1155516.53,15178
202511,age,11230,common_6months,30대,1443368.13,15178
202511,age,11230,common_6months,40대,1517924.7,15178
202511,age,11230,common_6months,50대,1263046.0499999998,15178
202511,age,11230,common_6months,60대 이상,1408905.5299999998,15178
202512,age,11230,all_observed,10대,660623.83,15412
202512,age,11230,all_observed,20대,1121230.1,15412
202512,age,11230,all_observed,30대,1394796.57,15412
202512,age,11230,all_observed,40대,1497639.54,15412
202512,age,11230,all_observed,50대,1249671.92,15412
202512,age,11230,all_observed,60대 이상,1396681.62,15412
202512,age,11230,common_6months,10대,660238.28,15178
202512,age,11230,common_6months,20대,1121086.45,15178
202512,age,11230,common_6months,30대,1394605.77,15178
202512,age,11230,common_6months,40대,1497286.16,15178
202512,age,11230,common_6months,50대,1249353.0899999999,15178
202512,age,11230,common_6months,60대 이상,1396149.55,15178
202507,age,11240,all_observed,10대,0.79,1
202507,age,11240,all_observed,20대,0.8200000000000001,1
202507,age,11240,all_observed,30대,1.32,1
202507,age,11240,all_observed,40대,1.71,1
202507,age,11240,all_observed,50대,1.81,1
202507,age,11240,all_observed,60대 이상,2.11,1
202507,age,11240,common_6months,10대,0.79,1
202507,age,11240,common_6months,20대,0.8200000000000001,1
202507,age,11240,common_6months,30대,1.32,1
202507,age,11240,common_6months,40대,1.71,1
202507,age,11240,common_6months,50대,1.81,1
202507,age,11240,common_6months,60대 이상,2.11,1
202508,age,11240,all_observed,10대,0.79,1
202508,age,11240,all_observed,20대,0.74,1
202508,age,11240,all_observed,30대,1.25,1
202508,age,11240,all_observed,40대,1.55,1
202508,age,11240,all_observed,50대,1.65,1
202508,age,11240,all_observed,60대 이상,2.0,1
202508,age,11240,common_6months,10대,0.79,1
202508,age,11240,common_6months,20대,0.74,1
202508,age,11240,common_6months,30대,1.25,1
202508,age,11240,common_6months,40대,1.55,1
202508,age,11240,common_6months,50대,1.65,1
202508,age,11240,common_6months,60대 이상,2.0,1
202509,age,11240,all_observed,10대,0.71,1
202509,age,11240,all_observed,20대,0.6799999999999999,1
202509,age,11240,all_observed,30대,1.25,1
202509,age,11240,all_observed,40대,1.55,1
202509,age,11240,all_observed,50대,1.65,1
202509,age,11240,all_observed,60대 이상,1.98,1
202509,age,11240,common_6months,10대,0.71,1
202509,age,11240,common_6months,20대,0.6799999999999999,1
202509,age,11240,common_6months,30대,1.25,1
202509,age,11240,common_6months,40대,1.55,1
202509,age,11240,common_6months,50대,1.65,1
202509,age,11240,common_6months,60대 이상,1.98,1
202510,age,11240,all_observed,10대,0.77,1
202510,age,11240,all_observed,20대,0.74,1
202510,age,11240,all_observed,30대,1.1400000000000001,1
202510,age,11240,all_observed,40대,1.47,1
202510,age,11240,all_observed,50대,1.53,1
202510,age,11240,all_observed,60대 이상,1.9100000000000001,1
202510,age,11240,common_6months,10대,0.77,1
202510,age,11240,common_6months,20대,0.74,1
202510,age,11240,common_6months,30대,1.1400000000000001,1
202510,age,11240,common_6months,40대,1.47,1
202510,age,11240,common_6months,50대,1.53,1
202510,age,11240,common_6months,60대 이상,1.9100000000000001,1
202511,age,11240,all_observed,10대,0.6599999999999999,1
202511,age,11240,all_observed,20대,0.6599999999999999,1
202511,age,11240,all_observed,30대,1.12,1
202511,age,11240,all_observed,40대,1.44,1
202511,age,11240,all_observed,50대,1.5,1
202511,age,11240,all_observed,60대 이상,1.83,1
202511,age,11240,common_6months,10대,0.6599999999999999,1
202511,age,11240,common_6months,20대,0.6599999999999999,1
202511,age,11240,common_6months,30대,1.12,1
202511,age,11240,common_6months,40대,1.44,1
202511,age,11240,common_6months,50대,1.5,1
202511,age,11240,common_6months,60대 이상,1.83,1
202512,age,11240,all_observed,10대,0.6599999999999999,1
202512,age,11240,all_observed,20대,0.6599999999999999,1
202512,age,11240,all_observed,30대,1.09,1
202512,age,11240,all_observed,40대,1.34,1
202512,age,11240,all_observed,50대,1.45,1
202512,age,11240,all_observed,60대 이상,1.78,1
202512,age,11240,common_6months,10대,0.6599999999999999,1
202512,age,11240,common_6months,20대,0.6599999999999999,1
202512,age,11240,common_6months,30대,1.09,1
202512,age,11240,common_6months,40대,1.34,1
202512,age,11240,common_6months,50대,1.45,1
202512,age,11240,common_6months,60대 이상,1.78,1
202507,age,31370,all_observed,10대,0.68,16
202507,age,31370,all_observed,20대,4.37,16
202507,age,31370,all_observed,30대,2.2399999999999998,16
202507,age,31370,all_observed,40대,1.6900000000000002,16
202507,age,31370,all_observed,50대,2.0,16
202507,age,31370,all_observed,60대 이상,3.62,16
202507,age,31370,common_6months,10대,0.68,15
202507,age,31370,common_6months,20대,4.31,15
202507,age,31370,common_6months,30대,2.24,15
202507,age,31370,common_6months,40대,1.6600000000000001,15
202507,age,31370,common_6months,50대,1.9200000000000002,15
202507,age,31370,common_6months,60대 이상,3.5100000000000002,15
202508,age,31370,all_observed,10대,1.1,16
202508,age,31370,all_observed,20대,4.42,16
202508,age,31370,all_observed,30대,2.12,16
202508,age,31370,all_observed,40대,1.96,16
202508,age,31370,all_observed,50대,2.5200000000000005,16
202508,age,31370,all_observed,60대 이상,4.25,16
202508,age,31370,common_6months,10대,1.1,15
202508,age,31370,common_6months,20대,4.339999999999999,15
202508,age,31370,common_6months,30대,2.0900000000000003,15
202508,age,31370,common_6months,40대,1.8800000000000003,15
202508,age,31370,common_6months,50대,2.4200000000000004,15
202508,age,31370,common_6months,60대 이상,4.17,15
202509,age,31370,all_observed,10대,0.41000000000000003,16
202509,age,31370,all_observed,20대,3.53,16
202509,age,31370,all_observed,30대,1.7400000000000002,16
202509,age,31370,all_observed,40대,1.6,16
202509,age,31370,all_observed,50대,2.16,16
202509,age,31370,all_observed,60대 이상,3.87,16
202509,age,31370,common_6months,10대,0.41000000000000003,15
202509,age,31370,common_6months,20대,3.529999999999999,15
202509,age,31370,common_6months,30대,1.7400000000000002,15
202509,age,31370,common_6months,40대,1.5500000000000003,15
202509,age,31370,common_6months,50대,2.1100000000000003,15
202509,age,31370,common_6months,60대 이상,3.79,15
202510,age,31370,all_observed,10대,0.62,17
202510,age,31370,all_observed,20대,3.6100000000000003,17
202510,age,31370,all_observed,30대,1.69,17
202510,age,31370,all_observed,40대,1.75,17
202510,age,31370,all_observed,50대,2.0,17
202510,age,31370,all_observed,60대 이상,3.38,17
202510,age,31370,common_6months,10대,0.62,15
202510,age,31370,common_6months,20대,3.6099999999999994,15
202510,age,31370,common_6months,30대,1.69,15
202510,age,31370,common_6months,40대,1.6700000000000004,15
202510,age,31370,common_6months,50대,1.9000000000000001,15
202510,age,31370,common_6months,60대 이상,3.24,15
202511,age,31370,all_observed,10대,0.41000000000000003,17
202511,age,31370,all_observed,20대,2.9099999999999997,17
202511,age,31370,all_observed,30대,1.5399999999999998,17
202511,age,31370,all_observed,40대,1.09,17
202511,age,31370,all_observed,50대,1.01,17
202511,age,31370,all_observed,60대 이상,1.74,17
202511,age,31370,common_6months,10대,0.41000000000000003,15
202511,age,31370,common_6months,20대,2.9099999999999993,15
202511,age,31370,common_6months,30대,1.5400000000000003,15
202511,age,31370,common_6months,40대,1.09,15
202511,age,31370,common_6months,50대,0.9800000000000001,15
202511,age,31370,common_6months,60대 이상,1.6600000000000001,15
202512,age,31370,all_observed,10대,0.19,16
202512,age,31370,all_observed,20대,2.98,16
202512,age,31370,all_observed,30대,1.6,16
202512,age,31370,all_observed,40대,0.96,16
202512,age,31370,all_observed,50대,0.56,16
202512,age,31370,all_observed,60대 이상,1.07,16
202512,age,31370,common_6months,10대,0.19,15
202512,age,31370,common_6months,20대,2.9799999999999995,15
202512,age,31370,common_6months,30대,1.6000000000000003,15
202512,age,31370,common_6months,40대,0.96,15
202512,age,31370,common_6months,50대,0.53,15
202512,age,31370,common_6months,60대 이상,1.07,15
202507,age,32010,all_observed,10대,249881.0,82819
202507,age,32010,all_observed,20대,231007.41,82819
202507,age,32010,all_observed,30대,226774.09,82819
202507,age,32010,all_observed,40대,308647.49,82819
202507,age,32010,all_observed,50대,325360.28,82819
202507,age,32010,all_observed,60대 이상,454756.95,82819
202507,age,32010,common_6months,10대,249259.49,72272
202507,age,32010,common_6months,20대,229565.1,72272
202507,age,32010,common_6months,30대,225167.56,72272
202507,age,32010,common_6months,40대,306396.99,72272
202507,age,32010,common_6months,50대,322648.41000000003,72272
202507,age,32010,common_6months,60대 이상,451799.54,72272
202508,age,32010,all_observed,10대,268915.06,83757
202508,age,32010,all_observed,20대,257121.93,83757
202508,age,32010,all_observed,30대,232764.02,83757
202508,age,32010,all_observed,40대,314014.70000000007,83757
202508,age,32010,all_observed,50대,329953.97,83757
202508,age,32010,all_observed,60대 이상,457917.75,83757
202508,age,32010,common_6months,10대,268007.77,72272
202508,age,32010,common_6months,20대,255345.41999999998,72272
202508,age,32010,common_6months,30대,230936.27,72272
202508,age,32010,common_6months,40대,311465.62,72272
202508,age,32010,common_6months,50대,326884.79,72272
202508,age,32010,common_6months,60대 이상,454492.31,72272
202509,age,32010,all_observed,10대,283426.74,84060
202509,age,32010,all_observed,20대,313906.53,84060
202509,age,32010,all_observed,30대,234562.83000000002,84060
202509,age,32010,all_observed,40대,318351.76,84060
202509,age,32010,all_observed,50대,334390.93000000005,84060
202509,age,32010,all_observed,60대 이상,470125.81000000006,84060
202509,age,32010,common_6months,10대,282794.41000000003,72272
202509,age,32010,common_6months,20대,312242.6,72272
202509,age,32010,common_6months,30대,232700.65000000002,72272
202509,age,32010,common_6months,40대,315740.47,72272
202509,age,32010,common_6months,50대,331096.23000000004,72272
202509,age,32010,common_6months,60대 이상,466106.33,72272
202510,age,32010,all_observed,10대,266328.93,85309
202510,age,32010,all_observed,20대,257950.27000000002,85309
202510,age,32010,all_observed,30대,243452.37,85309
202510,age,32010,all_observed,40대,321627.56,85309
202510,age,32010,all_observed,50대,331434.92000000004,85309
202510,age,32010,all_observed,60대 이상,468558.31,85309
202510,age,32010,common_6months,10대,265192.72000000003,72272
202510,age,32010,common_6months,20대,256128.03,72272
202510,age,32010,common_6months,30대,241218.25,72272
202510,age,32010,common_6months,40대,318547.32999999996,72272
202510,age,32010,common_6months,50대,327817.93,72272
202510,age,32010,common_6months,60대 이상,463920.87,72272
202511,age,32010,all_observed,10대,269319.37,84976
202511,age,32010,all_observed,20대,265538.03,84976
202511,age,32010,all_observed,30대,229610.09,84976
202511,age,32010,all_observed,40대,312010.7,84976
202511,age,32010,all_observed,50대,325946.79,84976
202511,age,32010,all_observed,60대 이상,458903.9,84976
202511,age,32010,common_6months,10대,267966.04,72272
202511,age,32010,common_6months,20대,262470.25,72272
202511,age,32010,common_6months,30대,226066.57,72272
202511,age,32010,common_6months,40대,307030.76,72272
202511,age,32010,common_6months,50대,320063.84,72272
202511,age,32010,common_6months,60대 이상,452233.92000000004,72272
202512,age,32010,all_observed,10대,257756.82,82886
202512,age,32010,all_observed,20대,244019.47999999998,82886
202512,age,32010,all_observed,30대,220613.39,82886
202512,age,32010,all_observed,40대,300730.72,82886
202512,age,32010,all_observed,50대,315463.74999999994,82886
202512,age,32010,all_observed,60대 이상,435776.48000000004,82886
202512,age,32010,common_6months,10대,256346.53000000003,72272
202512,age,32010,common_6months,20대,240932.13999999998,72272
202512,age,32010,common_6months,30대,217383.13,72272
202512,age,32010,common_6months,40대,296294.98,72272
202512,age,32010,common_6months,50대,310276.16,72272
202512,age,32010,common_6months,60대 이상,430218.56,72272
202507,age,32310,all_observed,10대,2.2500000000000004,13
202507,age,32310,all_observed,20대,1.3400000000000003,13
202507,age,32310,all_observed,30대,2.5,13
202507,age,32310,all_observed,40대,4.4,13
202507,age,32310,all_observed,50대,6.16,13
202507,age,32310,all_observed,60대 이상,15.940000000000001,13
202507,age,32310,common_6months,10대,2.25,10
202507,age,32310,common_6months,20대,1.31,10
202507,age,32310,common_6months,30대,2.4400000000000004,10
202507,age,32310,common_6months,40대,4.32,10
202507,age,32310,common_6months,50대,5.95,10
202507,age,32310,common_6months,60대 이상,15.3,10
202508,age,32310,all_observed,10대,3.0800000000000005,13
202508,age,32310,all_observed,20대,1.7200000000000002,13
202508,age,32310,all_observed,30대,2.74,13
202508,age,32310,all_observed,40대,4.94,13
202508,age,32310,all_observed,50대,6.73,13
202508,age,32310,all_observed,60대 이상,16.43,13
202508,age,32310,common_6months,10대,2.99,10
202508,age,32310,common_6months,20대,1.6400000000000001,10
202508,age,32310,common_6months,30대,2.6500000000000004,10
202508,age,32310,common_6months,40대,4.91,10
202508,age,32310,common_6months,50대,6.5200000000000005,10
202508,age,32310,common_6months,60대 이상,15.790000000000001,10
202509,age,32310,all_observed,10대,1.3900000000000001,13
202509,age,32310,all_observed,20대,1.08,13
202509,age,32310,all_observed,30대,2.04,13
202509,age,32310,all_observed,40대,3.87,13
202509,age,32310,all_observed,50대,5.23,13
202509,age,32310,all_observed,60대 이상,13.379999999999999,13
202509,age,32310,common_6months,10대,1.33,10
202509,age,32310,common_6months,20대,1.05,10
202509,age,32310,common_6months,30대,1.9900000000000002,10
202509,age,32310,common_6months,40대,3.7900000000000005,10
202509,age,32310,common_6months,50대,5.05,10
202509,age,32310,common_6months,60대 이상,12.79,10
202510,age,32310,all_observed,10대,2.92,13
202510,age,32310,all_observed,20대,1.26,13
202510,age,32310,all_observed,30대,2.9000000000000004,13
202510,age,32310,all_observed,40대,4.8100000000000005,13
202510,age,32310,all_observed,50대,6.44,13
202510,age,32310,all_observed,60대 이상,14.330000000000002,13
202510,age,32310,common_6months,10대,2.83,10
202510,age,32310,common_6months,20대,1.2600000000000002,10
202510,age,32310,common_6months,30대,2.8200000000000003,10
202510,age,32310,common_6months,40대,4.619999999999999,10
202510,age,32310,common_6months,50대,6.1899999999999995,10
202510,age,32310,common_6months,60대 이상,13.71,10
202511,age,32310,all_observed,10대,1.63,12
202511,age,32310,all_observed,20대,0.63,12
202511,age,32310,all_observed,30대,1.32,12
202511,age,32310,all_observed,40대,2.63,12
202511,age,32310,all_observed,50대,3.5200000000000005,12
202511,age,32310,all_observed,60대 이상,8.61,12
202511,age,32310,common_6months,10대,1.54,10
202511,age,32310,common_6months,20대,0.63,10
202511,age,32310,common_6months,30대,1.3199999999999998,10
202511,age,32310,common_6months,40대,2.58,10
202511,age,32310,common_6months,50대,3.46,10
202511,age,32310,common_6months,60대 이상,8.52,10
202512,age,32310,all_observed,10대,1.0300000000000002,10
202512,age,32310,all_observed,20대,0.45999999999999996,10
202512,age,32310,all_observed,30대,0.8800000000000001,10
202512,age,32310,all_observed,40대,1.69,10
202512,age,32310,all_observed,50대,2.31,10
202512,age,32310,all_observed,60대 이상,5.83,10
202512,age,32310,common_6months,10대,1.0300000000000002,10
202512,age,32310,common_6months,20대,0.45999999999999996,10
202512,age,32310,common_6months,30대,0.8800000000000001,10
202512,age,32310,common_6months,40대,1.69,10
202512,age,32310,common_6months,50대,2.31,10
202512,age,32310,common_6months,60대 이상,5.83,10
202507,age,32370,all_observed,10대,1.63,18
202507,age,32370,all_observed,20대,1.25,18
202507,age,32370,all_observed,30대,2.14,18
202507,age,32370,all_observed,40대,3.5700000000000003,18
202507,age,32370,all_observed,50대,5.0600000000000005,18
202507,age,32370,all_observed,60대 이상,9.73,18
202507,age,32370,common_6months,10대,1.25,6
202507,age,32370,common_6months,20대,0.9300000000000002,6
202507,age,32370,common_6months,30대,1.5899999999999999,6
202507,age,32370,common_6months,40대,2.81,6
202507,age,32370,common_6months,50대,3.94,6
202507,age,32370,common_6months,60대 이상,7.970000000000001,6
202508,age,32370,all_observed,10대,2.16,17
202508,age,32370,all_observed,20대,1.5900000000000003,17
202508,age,32370,all_observed,30대,2.4,17
202508,age,32370,all_observed,40대,3.7600000000000002,17
202508,age,32370,all_observed,50대,5.21,17
202508,age,32370,all_observed,60대 이상,10.01,17
202508,age,32370,common_6months,10대,1.58,6
202508,age,32370,common_6months,20대,1.15,6
202508,age,32370,common_6months,30대,1.67,6
202508,age,32370,common_6months,40대,2.82,6
202508,age,32370,common_6months,50대,3.95,6
202508,age,32370,common_6months,60대 이상,8.0,6
202509,age,32370,all_observed,10대,1.22,17
202509,age,32370,all_observed,20대,1.1400000000000001,17
202509,age,32370,all_observed,30대,1.96,17
202509,age,32370,all_observed,40대,2.9599999999999995,17
202509,age,32370,all_observed,50대,5.02,17
202509,age,32370,all_observed,60대 이상,9.75,17
202509,age,32370,common_6months,10대,0.8700000000000001,6
202509,age,32370,common_6months,20대,0.8800000000000001,6
202509,age,32370,common_6months,30대,1.47,6
202509,age,32370,common_6months,40대,2.34,6
202509,age,32370,common_6months,50대,3.69,6
202509,age,32370,common_6months,60대 이상,7.880000000000001,6
202510,age,32370,all_observed,10대,2.19,15
202510,age,32370,all_observed,20대,1.25,15
202510,age,32370,all_observed,30대,2.23,15
202510,age,32370,all_observed,40대,3.27,15
202510,age,32370,all_observed,50대,4.910000000000001,15
202510,age,32370,all_observed,60대 이상,10.010000000000002,15
202510,age,32370,common_6months,10대,1.7000000000000002,6
202510,age,32370,common_6months,20대,0.99,6
202510,age,32370,common_6months,30대,1.7000000000000002,6
202510,age,32370,common_6months,40대,2.6900000000000004,6
202510,age,32370,common_6months,50대,3.83,6
202510,age,32370,common_6months,60대 이상,8.29,6
202511,age,32370,all_observed,10대,0.76,12
202511,age,32370,all_observed,20대,0.53,12
202511,age,32370,all_observed,30대,1.0,12
202511,age,32370,all_observed,40대,1.7,12
202511,age,32370,all_observed,50대,2.54,12
202511,age,32370,all_observed,60대 이상,6.39,12
202511,age,32370,common_6months,10대,0.7,6
202511,age,32370,common_6months,20대,0.53,6
202511,age,32370,common_6months,30대,1.0,6
202511,age,32370,common_6months,40대,1.7,6
202511,age,32370,common_6months,50대,2.4800000000000004,6
202511,age,32370,common_6months,60대 이상,6.15,6
202512,age,32370,all_observed,10대,0.33,8
202512,age,32370,all_observed,20대,0.35,8
202512,age,32370,all_observed,30대,0.76,8
202512,age,32370,all_observed,40대,1.1,8
202512,age,32370,all_observed,50대,1.82,8
202512,age,32370,all_observed,60대 이상,4.5600000000000005,8
202512,age,32370,common_6months,10대,0.33,6
202512,age,32370,common_6months,20대,0.35000000000000003,6
202512,age,32370,common_6months,30대,0.76,6
202512,age,32370,common_6months,40대,1.07,6
202512,age,32370,common_6months,50대,1.7900000000000003,6
202512,age,32370,common_6months,60대 이상,4.5600000000000005,6
202507,age,32380,all_observed,10대,0.6799999999999999,2
202507,age,32380,all_observed,20대,0.51,2
202507,age,32380,all_observed,30대,0.56,2
202507,age,32380,all_observed,40대,0.8700000000000001,2
202507,age,32380,all_observed,50대,1.0899999999999999,2
202507,age,32380,all_observed,60대 이상,2.0300000000000002,2
202507,age,32380,common_6months,10대,0.6799999999999999,2
202507,age,32380,common_6months,20대,0.51,2
202507,age,32380,common_6months,30대,0.56,2
202507,age,32380,common_6months,40대,0.8700000000000001,2
202507,age,32380,common_6months,50대,1.0899999999999999,2
202507,age,32380,common_6months,60대 이상,2.0300000000000002,2
202508,age,32380,all_observed,10대,1.0899999999999999,2
202508,age,32380,all_observed,20대,0.54,2
202508,age,32380,all_observed,30대,0.64,2
202508,age,32380,all_observed,40대,0.89,2
202508,age,32380,all_observed,50대,1.17,2
202508,age,32380,all_observed,60대 이상,2.06,2
202508,age,32380,common_6months,10대,1.0899999999999999,2
202508,age,32380,common_6months,20대,0.54,2
202508,age,32380,common_6months,30대,0.64,2
202508,age,32380,common_6months,40대,0.89,2
202508,age,32380,common_6months,50대,1.17,2
202508,age,32380,common_6months,60대 이상,2.06,2
202509,age,32380,all_observed,10대,0.55,2
202509,age,32380,all_observed,20대,0.43,2
202509,age,32380,all_observed,30대,0.48,2
202509,age,32380,all_observed,40대,0.71,2
202509,age,32380,all_observed,50대,1.07,2
202509,age,32380,all_observed,60대 이상,1.9600000000000002,2
202509,age,32380,common_6months,10대,0.55,2
202509,age,32380,common_6months,20대,0.43,2
202509,age,32380,common_6months,30대,0.48,2
202509,age,32380,common_6months,40대,0.71,2
202509,age,32380,common_6months,50대,1.07,2
202509,age,32380,common_6months,60대 이상,1.9600000000000002,2
202510,age,32380,all_observed,10대,0.86,2
202510,age,32380,all_observed,20대,0.51,2
202510,age,32380,all_observed,30대,0.53,2
202510,age,32380,all_observed,40대,0.79,2
202510,age,32380,all_observed,50대,1.1400000000000001,2
202510,age,32380,all_observed,60대 이상,1.96,2
202510,age,32380,common_6months,10대,0.86,2
202510,age,32380,common_6months,20대,0.51,2
202510,age,32380,common_6months,30대,0.53,2
202510,age,32380,common_6months,40대,0.79,2
202510,age,32380,common_6months,50대,1.1400000000000001,2
202510,age,32380,common_6months,60대 이상,1.96,2
202511,age,32380,all_observed,10대,0.53,2
202511,age,32380,all_observed,20대,0.41000000000000003,2
202511,age,32380,all_observed,30대,0.43,2
202511,age,32380,all_observed,40대,0.73,2
202511,age,32380,all_observed,50대,0.92,2
202511,age,32380,all_observed,60대 이상,1.81,2
202511,age,32380,common_6months,10대,0.53,2
202511,age,32380,common_6months,20대,0.41000000000000003,2
202511,age,32380,common_6months,30대,0.43,2
202511,age,32380,common_6months,40대,0.73,2
202511,age,32380,common_6months,50대,0.92,2
202511,age,32380,common_6months,60대 이상,1.81,2
202512,age,32380,all_observed,10대,0.32999999999999996,2
202512,age,32380,all_observed,20대,0.36,2
202512,age,32380,all_observed,30대,0.38,2
202512,age,32380,all_observed,40대,0.59,2
202512,age,32380,all_observed,50대,0.69,2
202512,age,32380,all_observed,60대 이상,1.22,2
202512,age,32380,common_6months,10대,0.32999999999999996,2
202512,age,32380,common_6months,20대,0.36,2
202512,age,32380,common_6months,30대,0.38,2
202512,age,32380,common_6months,40대,0.59,2
202512,age,32380,common_6months,50대,0.69,2
202512,age,32380,common_6months,60대 이상,1.22,2
202507,time,11030,all_observed,TMST_00,0.03,1
202507,time,11030,all_observed,TMST_01,0.0,1
202507,time,11030,all_observed,TMST_02,0.0,1
202507,time,11030,all_observed,TMST_03,0.0,1
202507,time,11030,all_observed,TMST_04,0.0,1
202507,time,11030,all_observed,TMST_05,0.05,1
202507,time,11030,all_observed,TMST_06,0.08,1
202507,time,11030,all_observed,TMST_07,0.08,1
202507,time,11030,all_observed,TMST_08,0.1,1
202507,time,11030,all_observed,TMST_09,0.08,1
202507,time,11030,all_observed,TMST_10,0.08,1
202507,time,11030,all_observed,TMST_11,0.08,1
202507,time,11030,all_observed,TMST_12,0.08,1
202507,time,11030,all_observed,TMST_13,0.08,1
202507,time,11030,all_observed,TMST_14,0.08,1
202507,time,11030,all_observed,TMST_15,0.08,1
202507,time,11030,all_observed,TMST_16,0.1,1
202507,time,11030,all_observed,TMST_17,0.1,1
202507,time,11030,all_observed,TMST_18,0.1,1
202507,time,11030,all_observed,TMST_19,0.08,1
202507,time,11030,all_observed,TMST_20,0.08,1
202507,time,11030,all_observed,TMST_21,0.08,1
202507,time,11030,all_observed,TMST_22,0.08,1
202507,time,11030,all_observed,TMST_23,0.05,1
202507,time,11030,common_6months,TMST_00,0.03,1
202507,time,11030,common_6months,TMST_01,0.0,1
202507,time,11030,common_6months,TMST_02,0.0,1
202507,time,11030,common_6months,TMST_03,0.0,1
202507,time,11030,common_6months,TMST_04,0.0,1
202507,time,11030,common_6months,TMST_05,0.05,1
202507,time,11030,common_6months,TMST_06,0.08,1
202507,time,11030,common_6months,TMST_07,0.08,1
202507,time,11030,common_6months,TMST_08,0.1,1
202507,time,11030,common_6months,TMST_09,0.08,1
202507,time,11030,common_6months,TMST_10,0.08,1
202507,time,11030,common_6months,TMST_11,0.08,1
202507,time,11030,common_6months,TMST_12,0.08,1
202507,time,11030,common_6months,TMST_13,0.08,1
202507,time,11030,common_6months,TMST_14,0.08,1
202507,time,11030,common_6months,TMST_15,0.08,1
202507,time,11030,common_6months,TMST_16,0.1,1
202507,time,11030,common_6months,TMST_17,0.1,1
202507,time,11030,common_6months,TMST_18,0.1,1
202507,time,11030,common_6months,TMST_19,0.08,1
202507,time,11030,common_6months,TMST_20,0.08,1
202507,time,11030,common_6months,TMST_21,0.08,1
202507,time,11030,common_6months,TMST_22,0.08,1
202507,time,11030,common_6months,TMST_23,0.05,1
202508,time,11030,all_observed,TMST_00,0.03,1
202508,time,11030,all_observed,TMST_01,0.0,1
202508,time,11030,all_observed,TMST_02,0.0,1
202508,time,11030,all_observed,TMST_03,0.0,1
202508,time,11030,all_observed,TMST_04,0.0,1
202508,time,11030,all_observed,TMST_05,0.05,1
202508,time,11030,all_observed,TMST_06,0.05,1
202508,time,11030,all_observed,TMST_07,0.08,1
202508,time,11030,all_observed,TMST_08,0.08,1
202508,time,11030,all_observed,TMST_09,0.08,1
202508,time,11030,all_observed,TMST_10,0.08,1
202508,time,11030,all_observed,TMST_11,0.08,1
202508,time,11030,all_observed,TMST_12,0.08,1
202508,time,11030,all_observed,TMST_13,0.08,1
202508,time,11030,all_observed,TMST_14,0.08,1
202508,time,11030,all_observed,TMST_15,0.08,1
202508,time,11030,all_observed,TMST_16,0.08,1
202508,time,11030,all_observed,TMST_17,0.08,1
202508,time,11030,all_observed,TMST_18,0.1,1
202508,time,11030,all_observed,TMST_19,0.08,1
202508,time,11030,all_observed,TMST_20,0.08,1
202508,time,11030,all_observed,TMST_21,0.08,1
202508,time,11030,all_observed,TMST_22,0.05,1
202508,time,11030,all_observed,TMST_23,0.05,1
202508,time,11030,common_6months,TMST_00,0.03,1
202508,time,11030,common_6months,TMST_01,0.0,1
202508,time,11030,common_6months,TMST_02,0.0,1
202508,time,11030,common_6months,TMST_03,0.0,1
202508,time,11030,common_6months,TMST_04,0.0,1
202508,time,11030,common_6months,TMST_05,0.05,1
202508,time,11030,common_6months,TMST_06,0.05,1
202508,time,11030,common_6months,TMST_07,0.08,1
202508,time,11030,common_6months,TMST_08,0.08,1
202508,time,11030,common_6months,TMST_09,0.08,1
202508,time,11030,common_6months,TMST_10,0.08,1
202508,time,11030,common_6months,TMST_11,0.08,1
202508,time,11030,common_6months,TMST_12,0.08,1
202508,time,11030,common_6months,TMST_13,0.08,1
202508,time,11030,common_6months,TMST_14,0.08,1
202508,time,11030,common_6months,TMST_15,0.08,1
202508,time,11030,common_6months,TMST_16,0.08,1
202508,time,11030,common_6months,TMST_17,0.08,1
202508,time,11030,common_6months,TMST_18,0.1,1
202508,time,11030,common_6months,TMST_19,0.08,1
202508,time,11030,common_6months,TMST_20,0.08,1
202508,time,11030,common_6months,TMST_21,0.08,1
202508,time,11030,common_6months,TMST_22,0.05,1
202508,time,11030,common_6months,TMST_23,0.05,1
202509,time,11030,all_observed,TMST_00,0.03,1
202509,time,11030,all_observed,TMST_01,0.0,1
202509,time,11030,all_observed,TMST_02,0.0,1
202509,time,11030,all_observed,TMST_03,0.0,1
202509,time,11030,all_observed,TMST_04,0.0,1
202509,time,11030,all_observed,TMST_05,0.05,1
202509,time,11030,all_observed,TMST_06,0.08,1
202509,time,11030,all_observed,TMST_07,0.1,1
202509,time,11030,all_observed,TMST_08,0.13,1
202509,time,11030,all_observed,TMST_09,0.1,1
202509,time,11030,all_observed,TMST_10,0.1,1
202509,time,11030,all_observed,TMST_11,0.1,1
202509,time,11030,all_observed,TMST_12,0.1,1
202509,time,11030,all_observed,TMST_13,0.1,1
202509,time,11030,all_observed,TMST_14,0.1,1
202509,time,11030,all_observed,TMST_15,0.1,1
202509,time,11030,all_observed,TMST_16,0.1,1
202509,time,11030,all_observed,TMST_17,0.13,1
202509,time,11030,all_observed,TMST_18,0.13,1
202509,time,11030,all_observed,TMST_19,0.1,1
202509,time,11030,all_observed,TMST_20,0.1,1
202509,time,11030,all_observed,TMST_21,0.1,1
202509,time,11030,all_observed,TMST_22,0.08,1
202509,time,11030,all_observed,TMST_23,0.05,1
202509,time,11030,common_6months,TMST_00,0.03,1
202509,time,11030,common_6months,TMST_01,0.0,1
202509,time,11030,common_6months,TMST_02,0.0,1
202509,time,11030,common_6months,TMST_03,0.0,1
202509,time,11030,common_6months,TMST_04,0.0,1
202509,time,11030,common_6months,TMST_05,0.05,1
202509,time,11030,common_6months,TMST_06,0.08,1
202509,time,11030,common_6months,TMST_07,0.1,1
202509,time,11030,common_6months,TMST_08,0.13,1
202509,time,11030,common_6months,TMST_09,0.1,1
202509,time,11030,common_6months,TMST_10,0.1,1
202509,time,11030,common_6months,TMST_11,0.1,1
202509,time,11030,common_6months,TMST_12,0.1,1
202509,time,11030,common_6months,TMST_13,0.1,1
202509,time,11030,common_6months,TMST_14,0.1,1
202509,time,11030,common_6months,TMST_15,0.1,1
202509,time,11030,common_6months,TMST_16,0.1,1
202509,time,11030,common_6months,TMST_17,0.13,1
202509,time,11030,common_6months,TMST_18,0.13,1
202509,time,11030,common_6months,TMST_19,0.1,1
202509,time,11030,common_6months,TMST_20,0.1,1
202509,time,11030,common_6months,TMST_21,0.1,1
202509,time,11030,common_6months,TMST_22,0.08,1
202509,time,11030,common_6months,TMST_23,0.05,1
202510,time,11030,all_observed,TMST_00,0.03,1
202510,time,11030,all_observed,TMST_01,0.0,1
202510,time,11030,all_observed,TMST_02,0.0,1
202510,time,11030,all_observed,TMST_03,0.0,1
202510,time,11030,all_observed,TMST_04,0.0,1
202510,time,11030,all_observed,TMST_05,0.05,1
202510,time,11030,all_observed,TMST_06,0.05,1
202510,time,11030,all_observed,TMST_07,0.08,1
202510,time,11030,all_observed,TMST_08,0.1,1
202510,time,11030,all_observed,TMST_09,0.1,1
202510,time,11030,all_observed,TMST_10,0.1,1
202510,time,11030,all_observed,TMST_11,0.1,1
202510,time,11030,all_observed,TMST_12,0.1,1
202510,time,11030,all_observed,TMST_13,0.1,1
202510,time,11030,all_observed,TMST_14,0.1,1
202510,time,11030,all_observed,TMST_15,0.1,1
202510,time,11030,all_observed,TMST_16,0.1,1
202510,time,11030,all_observed,TMST_17,0.1,1
202510,time,11030,all_observed,TMST_18,0.1,1
202510,time,11030,all_observed,TMST_19,0.1,1
202510,time,11030,all_observed,TMST_20,0.08,1
202510,time,11030,all_observed,TMST_21,0.08,1
202510,time,11030,all_observed,TMST_22,0.08,1
202510,time,11030,all_observed,TMST_23,0.05,1
202510,time,11030,common_6months,TMST_00,0.03,1
202510,time,11030,common_6months,TMST_01,0.0,1
202510,time,11030,common_6months,TMST_02,0.0,1
202510,time,11030,common_6months,TMST_03,0.0,1
202510,time,11030,common_6months,TMST_04,0.0,1
202510,time,11030,common_6months,TMST_05,0.05,1
202510,time,11030,common_6months,TMST_06,0.05,1
202510,time,11030,common_6months,TMST_07,0.08,1
202510,time,11030,common_6months,TMST_08,0.1,1
202510,time,11030,common_6months,TMST_09,0.1,1
202510,time,11030,common_6months,TMST_10,0.1,1
202510,time,11030,common_6months,TMST_11,0.1,1
202510,time,11030,common_6months,TMST_12,0.1,1
202510,time,11030,common_6months,TMST_13,0.1,1
202510,time,11030,common_6months,TMST_14,0.1,1
202510,time,11030,common_6months,TMST_15,0.1,1
202510,time,11030,common_6months,TMST_16,0.1,1
202510,time,11030,common_6months,TMST_17,0.1,1
202510,time,11030,common_6months,TMST_18,0.1,1
202510,time,11030,common_6months,TMST_19,0.1,1
202510,time,11030,common_6months,TMST_20,0.08,1
202510,time,11030,common_6months,TMST_21,0.08,1
202510,time,11030,common_6months,TMST_22,0.08,1
202510,time,11030,common_6months,TMST_23,0.05,1
202511,time,11030,all_observed,TMST_00,0.03,1
202511,time,11030,all_observed,TMST_01,0.03,1
202511,time,11030,all_observed,TMST_02,0.03,1
202511,time,11030,all_observed,TMST_03,0.03,1
202511,time,11030,all_observed,TMST_04,0.03,1
202511,time,11030,all_observed,TMST_05,0.05,1
202511,time,11030,all_observed,TMST_06,0.05,1
202511,time,11030,all_observed,TMST_07,0.08,1
202511,time,11030,all_observed,TMST_08,0.1,1
202511,time,11030,all_observed,TMST_09,0.1,1
202511,time,11030,all_observed,TMST_10,0.08,1
202511,time,11030,all_observed,TMST_11,0.1,1
202511,time,11030,all_observed,TMST_12,0.08,1
202511,time,11030,all_observed,TMST_13,0.1,1
202511,time,11030,all_observed,TMST_14,0.1,1
202511,time,11030,all_observed,TMST_15,0.1,1
202511,time,11030,all_observed,TMST_16,0.1,1
202511,time,11030,all_observed,TMST_17,0.1,1
202511,time,11030,all_observed,TMST_18,0.1,1
202511,time,11030,all_observed,TMST_19,0.08,1
202511,time,11030,all_observed,TMST_20,0.08,1
202511,time,11030,all_observed,TMST_21,0.08,1
202511,time,11030,all_observed,TMST_22,0.05,1
202511,time,11030,all_observed,TMST_23,0.05,1
202511,time,11030,common_6months,TMST_00,0.03,1
202511,time,11030,common_6months,TMST_01,0.03,1
202511,time,11030,common_6months,TMST_02,0.03,1
202511,time,11030,common_6months,TMST_03,0.03,1
202511,time,11030,common_6months,TMST_04,0.03,1
202511,time,11030,common_6months,TMST_05,0.05,1
202511,time,11030,common_6months,TMST_06,0.05,1
202511,time,11030,common_6months,TMST_07,0.08,1
202511,time,11030,common_6months,TMST_08,0.1,1
202511,time,11030,common_6months,TMST_09,0.1,1
202511,time,11030,common_6months,TMST_10,0.08,1
202511,time,11030,common_6months,TMST_11,0.1,1
202511,time,11030,common_6months,TMST_12,0.08,1
202511,time,11030,common_6months,TMST_13,0.1,1
202511,time,11030,common_6months,TMST_14,0.1,1
202511,time,11030,common_6months,TMST_15,0.1,1
202511,time,11030,common_6months,TMST_16,0.1,1
202511,time,11030,common_6months,TMST_17,0.1,1
202511,time,11030,common_6months,TMST_18,0.1,1
202511,time,11030,common_6months,TMST_19,0.08,1
202511,time,11030,common_6months,TMST_20,0.08,1
202511,time,11030,common_6months,TMST_21,0.08,1
202511,time,11030,common_6months,TMST_22,0.05,1
202511,time,11030,common_6months,TMST_23,0.05,1
202512,time,11030,all_observed,TMST_00,0.03,1
202512,time,11030,all_observed,TMST_01,0.03,1
202512,time,11030,all_observed,TMST_02,0.03,1
202512,time,11030,all_observed,TMST_03,0.03,1
202512,time,11030,all_observed,TMST_04,0.03,1
202512,time,11030,all_observed,TMST_05,0.03,1
202512,time,11030,all_observed,TMST_06,0.03,1
202512,time,11030,all_observed,TMST_07,0.05,1
202512,time,11030,all_observed,TMST_08,0.08,1
202512,time,11030,all_observed,TMST_09,0.08,1
202512,time,11030,all_observed,TMST_10,0.08,1
202512,time,11030,all_observed,TMST_11,0.08,1
202512,time,11030,all_observed,TMST_12,0.08,1
202512,time,11030,all_observed,TMST_13,0.08,1
202512,time,11030,all_observed,TMST_14,0.08,1
202512,time,11030,all_observed,TMST_15,0.08,1
202512,time,11030,all_observed,TMST_16,0.08,1
202512,time,11030,all_observed,TMST_17,0.1,1
202512,time,11030,all_observed,TMST_18,0.08,1
202512,time,11030,all_observed,TMST_19,0.08,1
202512,time,11030,all_observed,TMST_20,0.05,1
202512,time,11030,all_observed,TMST_21,0.05,1
202512,time,11030,all_observed,TMST_22,0.05,1
202512,time,11030,all_observed,TMST_23,0.03,1
202512,time,11030,common_6months,TMST_00,0.03,1
202512,time,11030,common_6months,TMST_01,0.03,1
202512,time,11030,common_6months,TMST_02,0.03,1
202512,time,11030,common_6months,TMST_03,0.03,1
202512,time,11030,common_6months,TMST_04,0.03,1
202512,time,11030,common_6months,TMST_05,0.03,1
202512,time,11030,common_6months,TMST_06,0.03,1
202512,time,11030,common_6months,TMST_07,0.05,1
202512,time,11030,common_6months,TMST_08,0.08,1
202512,time,11030,common_6months,TMST_09,0.08,1
202512,time,11030,common_6months,TMST_10,0.08,1
202512,time,11030,common_6months,TMST_11,0.08,1
202512,time,11030,common_6months,TMST_12,0.08,1
202512,time,11030,common_6months,TMST_13,0.08,1
202512,time,11030,common_6months,TMST_14,0.08,1
202512,time,11030,common_6months,TMST_15,0.08,1
202512,time,11030,common_6months,TMST_16,0.08,1
202512,time,11030,common_6months,TMST_17,0.1,1
202512,time,11030,common_6months,TMST_18,0.08,1
202512,time,11030,common_6months,TMST_19,0.08,1
202512,time,11030,common_6months,TMST_20,0.05,1
202512,time,11030,common_6months,TMST_21,0.05,1
202512,time,11030,common_6months,TMST_22,0.05,1
202512,time,11030,common_6months,TMST_23,0.03,1
202507,time,11040,all_observed,TMST_00,0.0,1
202507,time,11040,all_observed,TMST_01,0.0,1
202507,time,11040,all_observed,TMST_02,0.0,1
202507,time,11040,all_observed,TMST_03,0.0,1
202507,time,11040,all_observed,TMST_04,0.0,1
202507,time,11040,all_observed,TMST_05,0.0,1
202507,time,11040,all_observed,TMST_06,0.0,1
202507,time,11040,all_observed,TMST_07,0.0,1
202507,time,11040,all_observed,TMST_08,0.0,1
202507,time,11040,all_observed,TMST_09,0.0,1
202507,time,11040,all_observed,TMST_10,0.0,1
202507,time,11040,all_observed,TMST_11,0.0,1
202507,time,11040,all_observed,TMST_12,0.0,1
202507,time,11040,all_observed,TMST_13,0.0,1
202507,time,11040,all_observed,TMST_14,0.0,1
202507,time,11040,all_observed,TMST_15,0.03,1
202507,time,11040,all_observed,TMST_16,0.03,1
202507,time,11040,all_observed,TMST_17,0.03,1
202507,time,11040,all_observed,TMST_18,0.0,1
202507,time,11040,all_observed,TMST_19,0.0,1
202507,time,11040,all_observed,TMST_20,0.0,1
202507,time,11040,all_observed,TMST_21,0.0,1
202507,time,11040,all_observed,TMST_22,0.0,1
202507,time,11040,all_observed,TMST_23,0.0,1
202507,time,11040,common_6months,TMST_00,0.0,1
202507,time,11040,common_6months,TMST_01,0.0,1
202507,time,11040,common_6months,TMST_02,0.0,1
202507,time,11040,common_6months,TMST_03,0.0,1
202507,time,11040,common_6months,TMST_04,0.0,1
202507,time,11040,common_6months,TMST_05,0.0,1
202507,time,11040,common_6months,TMST_06,0.0,1
202507,time,11040,common_6months,TMST_07,0.0,1
202507,time,11040,common_6months,TMST_08,0.0,1
202507,time,11040,common_6months,TMST_09,0.0,1
202507,time,11040,common_6months,TMST_10,0.0,1
202507,time,11040,common_6months,TMST_11,0.0,1
202507,time,11040,common_6months,TMST_12,0.0,1
202507,time,11040,common_6months,TMST_13,0.0,1
202507,time,11040,common_6months,TMST_14,0.0,1
202507,time,11040,common_6months,TMST_15,0.03,1
202507,time,11040,common_6months,TMST_16,0.03,1
202507,time,11040,common_6months,TMST_17,0.03,1
202507,time,11040,common_6months,TMST_18,0.0,1
202507,time,11040,common_6months,TMST_19,0.0,1
202507,time,11040,common_6months,TMST_20,0.0,1
202507,time,11040,common_6months,TMST_21,0.0,1
202507,time,11040,common_6months,TMST_22,0.0,1
202507,time,11040,common_6months,TMST_23,0.0,1
202508,time,11040,all_observed,TMST_00,0.0,1
202508,time,11040,all_observed,TMST_01,0.0,1
202508,time,11040,all_observed,TMST_02,0.0,1
202508,time,11040,all_observed,TMST_03,0.0,1
202508,time,11040,all_observed,TMST_04,0.0,1
202508,time,11040,all_observed,TMST_05,0.0,1
202508,time,11040,all_observed,TMST_06,0.0,1
202508,time,11040,all_observed,TMST_07,0.0,1
202508,time,11040,all_observed,TMST_08,0.0,1
202508,time,11040,all_observed,TMST_09,0.0,1
202508,time,11040,all_observed,TMST_10,0.0,1
202508,time,11040,all_observed,TMST_11,0.0,1
202508,time,11040,all_observed,TMST_12,0.0,1
202508,time,11040,all_observed,TMST_13,0.0,1
202508,time,11040,all_observed,TMST_14,0.0,1
202508,time,11040,all_observed,TMST_15,0.03,1
202508,time,11040,all_observed,TMST_16,0.03,1
202508,time,11040,all_observed,TMST_17,0.0,1
202508,time,11040,all_observed,TMST_18,0.0,1
202508,time,11040,all_observed,TMST_19,0.0,1
202508,time,11040,all_observed,TMST_20,0.0,1
202508,time,11040,all_observed,TMST_21,0.0,1
202508,time,11040,all_observed,TMST_22,0.0,1
202508,time,11040,all_observed,TMST_23,0.0,1
202508,time,11040,common_6months,TMST_00,0.0,1
202508,time,11040,common_6months,TMST_01,0.0,1
202508,time,11040,common_6months,TMST_02,0.0,1
202508,time,11040,common_6months,TMST_03,0.0,1
202508,time,11040,common_6months,TMST_04,0.0,1
202508,time,11040,common_6months,TMST_05,0.0,1
202508,time,11040,common_6months,TMST_06,0.0,1
202508,time,11040,common_6months,TMST_07,0.0,1
202508,time,11040,common_6months,TMST_08,0.0,1
202508,time,11040,common_6months,TMST_09,0.0,1
202508,time,11040,common_6months,TMST_10,0.0,1
202508,time,11040,common_6months,TMST_11,0.0,1
202508,time,11040,common_6months,TMST_12,0.0,1
202508,time,11040,common_6months,TMST_13,0.0,1
202508,time,11040,common_6months,TMST_14,0.0,1
202508,time,11040,common_6months,TMST_15,0.03,1
202508,time,11040,common_6months,TMST_16,0.03,1
202508,time,11040,common_6months,TMST_17,0.0,1
202508,time,11040,common_6months,TMST_18,0.0,1
202508,time,11040,common_6months,TMST_19,0.0,1
202508,time,11040,common_6months,TMST_20,0.0,1
202508,time,11040,common_6months,TMST_21,0.0,1
202508,time,11040,common_6months,TMST_22,0.0,1
202508,time,11040,common_6months,TMST_23,0.0,1
202509,time,11040,all_observed,TMST_00,0.0,1
202509,time,11040,all_observed,TMST_01,0.0,1
202509,time,11040,all_observed,TMST_02,0.0,1
202509,time,11040,all_observed,TMST_03,0.0,1
202509,time,11040,all_observed,TMST_04,0.0,1
202509,time,11040,all_observed,TMST_05,0.0,1
202509,time,11040,all_observed,TMST_06,0.03,1
202509,time,11040,all_observed,TMST_07,0.03,1
202509,time,11040,all_observed,TMST_08,0.03,1
202509,time,11040,all_observed,TMST_09,0.03,1
202509,time,11040,all_observed,TMST_10,0.03,1
202509,time,11040,all_observed,TMST_11,0.03,1
202509,time,11040,all_observed,TMST_12,0.03,1
202509,time,11040,all_observed,TMST_13,0.03,1
202509,time,11040,all_observed,TMST_14,0.03,1
202509,time,11040,all_observed,TMST_15,0.03,1
202509,time,11040,all_observed,TMST_16,0.03,1
202509,time,11040,all_observed,TMST_17,0.03,1
202509,time,11040,all_observed,TMST_18,0.03,1
202509,time,11040,all_observed,TMST_19,0.03,1
202509,time,11040,all_observed,TMST_20,0.03,1
202509,time,11040,all_observed,TMST_21,0.03,1
202509,time,11040,all_observed,TMST_22,0.03,1
202509,time,11040,all_observed,TMST_23,0.0,1
202509,time,11040,common_6months,TMST_00,0.0,1
202509,time,11040,common_6months,TMST_01,0.0,1
202509,time,11040,common_6months,TMST_02,0.0,1
202509,time,11040,common_6months,TMST_03,0.0,1
202509,time,11040,common_6months,TMST_04,0.0,1
202509,time,11040,common_6months,TMST_05,0.0,1
202509,time,11040,common_6months,TMST_06,0.03,1
202509,time,11040,common_6months,TMST_07,0.03,1
202509,time,11040,common_6months,TMST_08,0.03,1
202509,time,11040,common_6months,TMST_09,0.03,1
202509,time,11040,common_6months,TMST_10,0.03,1
202509,time,11040,common_6months,TMST_11,0.03,1
202509,time,11040,common_6months,TMST_12,0.03,1
202509,time,11040,common_6months,TMST_13,0.03,1
202509,time,11040,common_6months,TMST_14,0.03,1
202509,time,11040,common_6months,TMST_15,0.03,1
202509,time,11040,common_6months,TMST_16,0.03,1
202509,time,11040,common_6months,TMST_17,0.03,1
202509,time,11040,common_6months,TMST_18,0.03,1
202509,time,11040,common_6months,TMST_19,0.03,1
202509,time,11040,common_6months,TMST_20,0.03,1
202509,time,11040,common_6months,TMST_21,0.03,1
202509,time,11040,common_6months,TMST_22,0.03,1
202509,time,11040,common_6months,TMST_23,0.0,1
202510,time,11040,all_observed,TMST_00,0.0,1
202510,time,11040,all_observed,TMST_01,0.0,1
202510,time,11040,all_observed,TMST_02,0.0,1
202510,time,11040,all_observed,TMST_03,0.0,1
202510,time,11040,all_observed,TMST_04,0.0,1
202510,time,11040,all_observed,TMST_05,0.0,1
202510,time,11040,all_observed,TMST_06,0.03,1
202510,time,11040,all_observed,TMST_07,0.03,1
202510,time,11040,all_observed,TMST_08,0.03,1
202510,time,11040,all_observed,TMST_09,0.03,1
202510,time,11040,all_observed,TMST_10,0.03,1
202510,time,11040,all_observed,TMST_11,0.03,1
202510,time,11040,all_observed,TMST_12,0.03,1
202510,time,11040,all_observed,TMST_13,0.03,1
202510,time,11040,all_observed,TMST_14,0.03,1
202510,time,11040,all_observed,TMST_15,0.03,1
202510,time,11040,all_observed,TMST_16,0.03,1
202510,time,11040,all_observed,TMST_17,0.03,1
202510,time,11040,all_observed,TMST_18,0.03,1
202510,time,11040,all_observed,TMST_19,0.03,1
202510,time,11040,all_observed,TMST_20,0.03,1
202510,time,11040,all_observed,TMST_21,0.03,1
202510,time,11040,all_observed,TMST_22,0.0,1
202510,time,11040,all_observed,TMST_23,0.0,1
202510,time,11040,common_6months,TMST_00,0.0,1
202510,time,11040,common_6months,TMST_01,0.0,1
202510,time,11040,common_6months,TMST_02,0.0,1
202510,time,11040,common_6months,TMST_03,0.0,1
202510,time,11040,common_6months,TMST_04,0.0,1
202510,time,11040,common_6months,TMST_05,0.0,1
202510,time,11040,common_6months,TMST_06,0.03,1
202510,time,11040,common_6months,TMST_07,0.03,1
202510,time,11040,common_6months,TMST_08,0.03,1
202510,time,11040,common_6months,TMST_09,0.03,1
202510,time,11040,common_6months,TMST_10,0.03,1
202510,time,11040,common_6months,TMST_11,0.03,1
202510,time,11040,common_6months,TMST_12,0.03,1
202510,time,11040,common_6months,TMST_13,0.03,1
202510,time,11040,common_6months,TMST_14,0.03,1
202510,time,11040,common_6months,TMST_15,0.03,1
202510,time,11040,common_6months,TMST_16,0.03,1
202510,time,11040,common_6months,TMST_17,0.03,1
202510,time,11040,common_6months,TMST_18,0.03,1
202510,time,11040,common_6months,TMST_19,0.03,1
202510,time,11040,common_6months,TMST_20,0.03,1
202510,time,11040,common_6months,TMST_21,0.03,1
202510,time,11040,common_6months,TMST_22,0.0,1
202510,time,11040,common_6months,TMST_23,0.0,1
202511,time,11040,all_observed,TMST_00,0.0,1
202511,time,11040,all_observed,TMST_01,0.0,1
202511,time,11040,all_observed,TMST_02,0.0,1
202511,time,11040,all_observed,TMST_03,0.0,1
202511,time,11040,all_observed,TMST_04,0.0,1
202511,time,11040,all_observed,TMST_05,0.0,1
202511,time,11040,all_observed,TMST_06,0.03,1
202511,time,11040,all_observed,TMST_07,0.03,1
202511,time,11040,all_observed,TMST_08,0.03,1
202511,time,11040,all_observed,TMST_09,0.03,1
202511,time,11040,all_observed,TMST_10,0.03,1
202511,time,11040,all_observed,TMST_11,0.03,1
202511,time,11040,all_observed,TMST_12,0.03,1
202511,time,11040,all_observed,TMST_13,0.03,1
202511,time,11040,all_observed,TMST_14,0.03,1
202511,time,11040,all_observed,TMST_15,0.03,1
202511,time,11040,all_observed,TMST_16,0.03,1
202511,time,11040,all_observed,TMST_17,0.03,1
202511,time,11040,all_observed,TMST_18,0.03,1
202511,time,11040,all_observed,TMST_19,0.03,1
202511,time,11040,all_observed,TMST_20,0.03,1
202511,time,11040,all_observed,TMST_21,0.03,1
202511,time,11040,all_observed,TMST_22,0.0,1
202511,time,11040,all_observed,TMST_23,0.0,1
202511,time,11040,common_6months,TMST_00,0.0,1
202511,time,11040,common_6months,TMST_01,0.0,1
202511,time,11040,common_6months,TMST_02,0.0,1
202511,time,11040,common_6months,TMST_03,0.0,1
202511,time,11040,common_6months,TMST_04,0.0,1
202511,time,11040,common_6months,TMST_05,0.0,1
202511,time,11040,common_6months,TMST_06,0.03,1
202511,time,11040,common_6months,TMST_07,0.03,1
202511,time,11040,common_6months,TMST_08,0.03,1
202511,time,11040,common_6months,TMST_09,0.03,1
202511,time,11040,common_6months,TMST_10,0.03,1
202511,time,11040,common_6months,TMST_11,0.03,1
202511,time,11040,common_6months,TMST_12,0.03,1
202511,time,11040,common_6months,TMST_13,0.03,1
202511,time,11040,common_6months,TMST_14,0.03,1
202511,time,11040,common_6months,TMST_15,0.03,1
202511,time,11040,common_6months,TMST_16,0.03,1
202511,time,11040,common_6months,TMST_17,0.03,1
202511,time,11040,common_6months,TMST_18,0.03,1
202511,time,11040,common_6months,TMST_19,0.03,1
202511,time,11040,common_6months,TMST_20,0.03,1
202511,time,11040,common_6months,TMST_21,0.03,1
202511,time,11040,common_6months,TMST_22,0.0,1
202511,time,11040,common_6months,TMST_23,0.0,1
202512,time,11040,all_observed,TMST_00,0.0,1
202512,time,11040,all_observed,TMST_01,0.0,1
202512,time,11040,all_observed,TMST_02,0.0,1
202512,time,11040,all_observed,TMST_03,0.0,1
202512,time,11040,all_observed,TMST_04,0.0,1
202512,time,11040,all_observed,TMST_05,0.0,1
202512,time,11040,all_observed,TMST_06,0.0,1
202512,time,11040,all_observed,TMST_07,0.03,1
202512,time,11040,all_observed,TMST_08,0.03,1
202512,time,11040,all_observed,TMST_09,0.03,1
202512,time,11040,all_observed,TMST_10,0.03,1
202512,time,11040,all_observed,TMST_11,0.03,1
202512,time,11040,all_observed,TMST_12,0.03,1
202512,time,11040,all_observed,TMST_13,0.03,1
202512,time,11040,all_observed,TMST_14,0.03,1
202512,time,11040,all_observed,TMST_15,0.03,1
202512,time,11040,all_observed,TMST_16,0.03,1
202512,time,11040,all_observed,TMST_17,0.03,1
202512,time,11040,all_observed,TMST_18,0.03,1
202512,time,11040,all_observed,TMST_19,0.03,1
202512,time,11040,all_observed,TMST_20,0.03,1
202512,time,11040,all_observed,TMST_21,0.03,1
202512,time,11040,all_observed,TMST_22,0.0,1
202512,time,11040,all_observed,TMST_23,0.0,1
202512,time,11040,common_6months,TMST_00,0.0,1
202512,time,11040,common_6months,TMST_01,0.0,1
202512,time,11040,common_6months,TMST_02,0.0,1
202512,time,11040,common_6months,TMST_03,0.0,1
202512,time,11040,common_6months,TMST_04,0.0,1
202512,time,11040,common_6months,TMST_05,0.0,1
202512,time,11040,common_6months,TMST_06,0.0,1
202512,time,11040,common_6months,TMST_07,0.03,1
202512,time,11040,common_6months,TMST_08,0.03,1
202512,time,11040,common_6months,TMST_09,0.03,1
202512,time,11040,common_6months,TMST_10,0.03,1
202512,time,11040,common_6months,TMST_11,0.03,1
202512,time,11040,common_6months,TMST_12,0.03,1
202512,time,11040,common_6months,TMST_13,0.03,1
202512,time,11040,common_6months,TMST_14,0.03,1
202512,time,11040,common_6months,TMST_15,0.03,1
202512,time,11040,common_6months,TMST_16,0.03,1
202512,time,11040,common_6months,TMST_17,0.03,1
202512,time,11040,common_6months,TMST_18,0.03,1
202512,time,11040,common_6months,TMST_19,0.03,1
202512,time,11040,common_6months,TMST_20,0.03,1
202512,time,11040,common_6months,TMST_21,0.03,1
202512,time,11040,common_6months,TMST_22,0.0,1
202512,time,11040,common_6months,TMST_23,0.0,1
202507,time,11220,all_observed,TMST_00,81.18,8
202507,time,11220,all_observed,TMST_01,54.69,8
202507,time,11220,all_observed,TMST_02,39.42,8
202507,time,11220,all_observed,TMST_03,30.979999999999997,8
202507,time,11220,all_observed,TMST_04,27.55,8
202507,time,11220,all_observed,TMST_05,36.29,8
202507,time,11220,all_observed,TMST_06,80.64999999999999,8
202507,time,11220,all_observed,TMST_07,149.57000000000002,8
202507,time,11220,all_observed,TMST_08,247.64000000000001,8
202507,time,11220,all_observed,TMST_09,287.19,8
202507,time,11220,all_observed,TMST_10,293.44000000000005,8
202507,time,11220,all_observed,TMST_11,341.77,8
202507,time,11220,all_observed,TMST_12,383.05000000000007,8
202507,time,11220,all_observed,TMST_13,389.63,8
202507,time,11220,all_observed,TMST_14,376.14,8
202507,time,11220,all_observed,TMST_15,381.37999999999994,8
202507,time,11220,all_observed,TMST_16,394.04999999999995,8
202507,time,11220,all_observed,TMST_17,429.16,8
202507,time,11220,all_observed,TMST_18,462.46000000000004,8
202507,time,11220,all_observed,TMST_19,361.40999999999997,8
202507,time,11220,all_observed,TMST_20,297.87,8
202507,time,11220,all_observed,TMST_21,261.07,8
202507,time,11220,all_observed,TMST_22,204.49000000000004,8
202507,time,11220,all_observed,TMST_23,131.61999999999998,8
202507,time,11220,common_6months,TMST_00,81.18,8
202507,time,11220,common_6months,TMST_01,54.69,8
202507,time,11220,common_6months,TMST_02,39.42,8
202507,time,11220,common_6months,TMST_03,30.979999999999997,8
202507,time,11220,common_6months,TMST_04,27.55,8
202507,time,11220,common_6months,TMST_05,36.29,8
202507,time,11220,common_6months,TMST_06,80.64999999999999,8
202507,time,11220,common_6months,TMST_07,149.57000000000002,8
202507,time,11220,common_6months,TMST_08,247.64000000000001,8
202507,time,11220,common_6months,TMST_09,287.19,8
202507,time,11220,common_6months,TMST_10,293.44000000000005,8
202507,time,11220,common_6months,TMST_11,341.77,8
202507,time,11220,common_6months,TMST_12,383.05000000000007,8
202507,time,11220,common_6months,TMST_13,389.63,8
202507,time,11220,common_6months,TMST_14,376.14,8
202507,time,11220,common_6months,TMST_15,381.37999999999994,8
202507,time,11220,common_6months,TMST_16,394.04999999999995,8
202507,time,11220,common_6months,TMST_17,429.16,8
202507,time,11220,common_6months,TMST_18,462.46000000000004,8
202507,time,11220,common_6months,TMST_19,361.40999999999997,8
202507,time,11220,common_6months,TMST_20,297.87,8
202507,time,11220,common_6months,TMST_21,261.07,8
202507,time,11220,common_6months,TMST_22,204.49000000000004,8
202507,time,11220,common_6months,TMST_23,131.61999999999998,8
202508,time,11220,all_observed,TMST_00,80.88,8
202508,time,11220,all_observed,TMST_01,54.89,8
202508,time,11220,all_observed,TMST_02,39.34,8
202508,time,11220,all_observed,TMST_03,30.87,8
202508,time,11220,all_observed,TMST_04,27.22,8
202508,time,11220,all_observed,TMST_05,34.18,8
202508,time,11220,all_observed,TMST_06,73.11,8
202508,time,11220,all_observed,TMST_07,133.12,8
202508,time,11220,all_observed,TMST_08,219.13000000000002,8
202508,time,11220,all_observed,TMST_09,260.65000000000003,8
202508,time,11220,all_observed,TMST_10,275.41999999999996,8
202508,time,11220,all_observed,TMST_11,322.94,8
202508,time,11220,all_observed,TMST_12,367.80000000000007,8
202508,time,11220,all_observed,TMST_13,374.16,8
202508,time,11220,all_observed,TMST_14,363.94,8
202508,time,11220,all_observed,TMST_15,369.53000000000003,8
202508,time,11220,all_observed,TMST_16,381.81,8
202508,time,11220,all_observed,TMST_17,407.79999999999995,8
202508,time,11220,all_observed,TMST_18,432.16,8
202508,time,11220,all_observed,TMST_19,344.40000000000003,8
202508,time,11220,all_observed,TMST_20,287.81,8
202508,time,11220,all_observed,TMST_21,250.22000000000003,8
202508,time,11220,all_observed,TMST_22,196.63000000000002,8
202508,time,11220,all_observed,TMST_23,127.27000000000001,8
202508,time,11220,common_6months,TMST_00,80.88,8
202508,time,11220,common_6months,TMST_01,54.89,8
202508,time,11220,common_6months,TMST_02,39.34,8
202508,time,11220,common_6months,TMST_03,30.87,8
202508,time,11220,common_6months,TMST_04,27.22,8
202508,time,11220,common_6months,TMST_05,34.18,8
202508,time,11220,common_6months,TMST_06,73.11,8
202508,time,11220,common_6months,TMST_07,133.12,8
202508,time,11220,common_6months,TMST_08,219.13000000000002,8
202508,time,11220,common_6months,TMST_09,260.65000000000003,8
202508,time,11220,common_6months,TMST_10,275.41999999999996,8
202508,time,11220,common_6months,TMST_11,322.94,8
202508,time,11220,common_6months,TMST_12,367.80000000000007,8
202508,time,11220,common_6months,TMST_13,374.16,8
202508,time,11220,common_6months,TMST_14,363.94,8
202508,time,11220,common_6months,TMST_15,369.53000000000003,8
202508,time,11220,common_6months,TMST_16,381.81,8
202508,time,11220,common_6months,TMST_17,407.79999999999995,8
202508,time,11220,common_6months,TMST_18,432.16,8
202508,time,11220,common_6months,TMST_19,344.40000000000003,8
202508,time,11220,common_6months,TMST_20,287.81,8
202508,time,11220,common_6months,TMST_21,250.22000000000003,8
202508,time,11220,common_6months,TMST_22,196.63000000000002,8
202508,time,11220,common_6months,TMST_23,127.27000000000001,8
202509,time,11220,all_observed,TMST_00,75.34,8
202509,time,11220,all_observed,TMST_01,50.23,8
202509,time,11220,all_observed,TMST_02,37.14,8
202509,time,11220,all_observed,TMST_03,29.4,8
202509,time,11220,all_observed,TMST_04,26.45,8
202509,time,11220,all_observed,TMST_05,35.06,8
202509,time,11220,all_observed,TMST_06,79.64999999999999,8
202509,time,11220,all_observed,TMST_07,157.25,8
202509,time,11220,all_observed,TMST_08,266.23,8
202509,time,11220,all_observed,TMST_09,303.63,8
202509,time,11220,all_observed,TMST_10,310.18,8
202509,time,11220,all_observed,TMST_11,362.85,8
202509,time,11220,all_observed,TMST_12,413.52,8
202509,time,11220,all_observed,TMST_13,415.39,8
202509,time,11220,all_observed,TMST_14,400.41999999999996,8
202509,time,11220,all_observed,TMST_15,409.84999999999997,8
202509,time,11220,all_observed,TMST_16,422.88000000000005,8
202509,time,11220,all_observed,TMST_17,456.04,8
202509,time,11220,all_observed,TMST_18,479.28999999999996,8
202509,time,11220,all_observed,TMST_19,366.61999999999995,8
202509,time,11220,all_observed,TMST_20,298.4,8
202509,time,11220,all_observed,TMST_21,259.59999999999997,8
202509,time,11220,all_observed,TMST_22,201.87,8
202509,time,11220,all_observed,TMST_23,126.85,8
202509,time,11220,common_6months,TMST_00,75.34,8
202509,time,11220,common_6months,TMST_01,50.23,8
202509,time,11220,common_6months,TMST_02,37.14,8
202509,time,11220,common_6months,TMST_03,29.4,8
202509,time,11220,common_6months,TMST_04,26.45,8
202509,time,11220,common_6months,TMST_05,35.06,8
202509,time,11220,common_6months,TMST_06,79.64999999999999,8
202509,time,11220,common_6months,TMST_07,157.25,8
202509,time,11220,common_6months,TMST_08,266.23,8
202509,time,11220,common_6months,TMST_09,303.63,8
202509,time,11220,common_6months,TMST_10,310.18,8
202509,time,11220,common_6months,TMST_11,362.85,8
202509,time,11220,common_6months,TMST_12,413.52,8
202509,time,11220,common_6months,TMST_13,415.39,8
202509,time,11220,common_6months,TMST_14,400.41999999999996,8
202509,time,11220,common_6months,TMST_15,409.84999999999997,8
202509,time,11220,common_6months,TMST_16,422.88000000000005,8
202509,time,11220,common_6months,TMST_17,456.04,8
202509,time,11220,common_6months,TMST_18,479.28999999999996,8
202509,time,11220,common_6months,TMST_19,366.61999999999995,8
202509,time,11220,common_6months,TMST_20,298.4,8
202509,time,11220,common_6months,TMST_21,259.59999999999997,8
202509,time,11220,common_6months,TMST_22,201.87,8
202509,time,11220,common_6months,TMST_23,126.85,8
202510,time,11220,all_observed,TMST_00,77.35000000000001,8
202510,time,11220,all_observed,TMST_01,51.85,8
202510,time,11220,all_observed,TMST_02,37.83,8
202510,time,11220,all_observed,TMST_03,30.29,8
202510,time,11220,all_observed,TMST_04,26.97,8
202510,time,11220,all_observed,TMST_05,34.730000000000004,8
202510,time,11220,all_observed,TMST_06,72.9,8
202510,time,11220,all_observed,TMST_07,141.89,8
202510,time,11220,all_observed,TMST_08,237.86,8
202510,time,11220,all_observed,TMST_09,291.45,8
202510,time,11220,all_observed,TMST_10,305.56,8
202510,time,11220,all_observed,TMST_11,360.64000000000004,8
202510,time,11220,all_observed,TMST_12,409.3,8
202510,time,11220,all_observed,TMST_13,415.13,8
202510,time,11220,all_observed,TMST_14,403.71000000000004,8
202510,time,11220,all_observed,TMST_15,414.35,8
202510,time,11220,all_observed,TMST_16,424.63,8
202510,time,11220,all_observed,TMST_17,450.85,8
202510,time,11220,all_observed,TMST_18,465.31999999999994,8
202510,time,11220,all_observed,TMST_19,366.62,8
202510,time,11220,all_observed,TMST_20,304.5,8
202510,time,11220,all_observed,TMST_21,261.83000000000004,8
202510,time,11220,all_observed,TMST_22,203.79000000000002,8
202510,time,11220,all_observed,TMST_23,129.37,8
202510,time,11220,common_6months,TMST_00,77.35000000000001,8
202510,time,11220,common_6months,TMST_01,51.85,8
202510,time,11220,common_6months,TMST_02,37.83,8
202510,time,11220,common_6months,TMST_03,30.29,8
202510,time,11220,common_6months,TMST_04,26.97,8
202510,time,11220,common_6months,TMST_05,34.730000000000004,8
202510,time,11220,common_6months,TMST_06,72.9,8
202510,time,11220,common_6months,TMST_07,141.89,8
202510,time,11220,common_6months,TMST_08,237.86,8
202510,time,11220,common_6months,TMST_09,291.45,8
202510,time,11220,common_6months,TMST_10,305.56,8
202510,time,11220,common_6months,TMST_11,360.64000000000004,8
202510,time,11220,common_6months,TMST_12,409.3,8
202510,time,11220,common_6months,TMST_13,415.13,8
202510,time,11220,common_6months,TMST_14,403.71000000000004,8
202510,time,11220,common_6months,TMST_15,414.35,8
202510,time,11220,common_6months,TMST_16,424.63,8
202510,time,11220,common_6months,TMST_17,450.85,8
202510,time,11220,common_6months,TMST_18,465.31999999999994,8
202510,time,11220,common_6months,TMST_19,366.62,8
202510,time,11220,common_6months,TMST_20,304.5,8
202510,time,11220,common_6months,TMST_21,261.83000000000004,8
202510,time,11220,common_6months,TMST_22,203.79000000000002,8
202510,time,11220,common_6months,TMST_23,129.37,8
202511,time,11220,all_observed,TMST_00,80.95,8
202511,time,11220,all_observed,TMST_01,55.43,8
202511,time,11220,all_observed,TMST_02,40.01,8
202511,time,11220,all_observed,TMST_03,31.45,8
202511,time,11220,all_observed,TMST_04,28.06,8
202511,time,11220,all_observed,TMST_05,37.71,8
202511,time,11220,all_observed,TMST_06,77.23,8
202511,time,11220,all_observed,TMST_07,151.32999999999998,8
202511,time,11220,all_observed,TMST_08,259.0,8
202511,time,11220,all_observed,TMST_09,308.7,8
202511,time,11220,all_observed,TMST_10,316.84,8
202511,time,11220,all_observed,TMST_11,374.16999999999996,8
202511,time,11220,all_observed,TMST_12,427.06,8
202511,time,11220,all_observed,TMST_13,434.84,8
202511,time,11220,all_observed,TMST_14,421.22,8
202511,time,11220,all_observed,TMST_15,429.15000000000003,8
202511,time,11220,all_observed,TMST_16,440.45,8
202511,time,11220,all_observed,TMST_17,474.58,8
202511,time,11220,all_observed,TMST_18,496.12999999999994,8
202511,time,11220,all_observed,TMST_19,382.24,8
202511,time,11220,all_observed,TMST_20,310.73,8
202511,time,11220,all_observed,TMST_21,269.40999999999997,8
202511,time,11220,all_observed,TMST_22,204.13000000000002,8
202511,time,11220,all_observed,TMST_23,129.85,8
202511,time,11220,common_6months,TMST_00,80.95,8
202511,time,11220,common_6months,TMST_01,55.43,8
202511,time,11220,common_6months,TMST_02,40.01,8
202511,time,11220,common_6months,TMST_03,31.45,8
202511,time,11220,common_6months,TMST_04,28.06,8
202511,time,11220,common_6months,TMST_05,37.71,8
202511,time,11220,common_6months,TMST_06,77.23,8
202511,time,11220,common_6months,TMST_07,151.32999999999998,8
202511,time,11220,common_6months,TMST_08,259.0,8
202511,time,11220,common_6months,TMST_09,308.7,8
202511,time,11220,common_6months,TMST_10,316.84,8
202511,time,11220,common_6months,TMST_11,374.16999999999996,8
202511,time,11220,common_6months,TMST_12,427.06,8
202511,time,11220,common_6months,TMST_13,434.84,8
202511,time,11220,common_6months,TMST_14,421.22,8
202511,time,11220,common_6months,TMST_15,429.15000000000003,8
202511,time,11220,common_6months,TMST_16,440.45,8
202511,time,11220,common_6months,TMST_17,474.58,8
202511,time,11220,common_6months,TMST_18,496.12999999999994,8
202511,time,11220,common_6months,TMST_19,382.24,8
202511,time,11220,common_6months,TMST_20,310.73,8
202511,time,11220,common_6months,TMST_21,269.40999999999997,8
202511,time,11220,common_6months,TMST_22,204.13000000000002,8
202511,time,11220,common_6months,TMST_23,129.85,8
202512,time,11220,all_observed,TMST_00,80.95,8
202512,time,11220,all_observed,TMST_01,55.39,8
202512,time,11220,all_observed,TMST_02,39.91,8
202512,time,11220,all_observed,TMST_03,31.099999999999998,8
202512,time,11220,all_observed,TMST_04,27.14,8
202512,time,11220,all_observed,TMST_05,38.410000000000004,8
202512,time,11220,all_observed,TMST_06,71.37,8
202512,time,11220,all_observed,TMST_07,145.26999999999998,8
202512,time,11220,all_observed,TMST_08,258.78000000000003,8
202512,time,11220,all_observed,TMST_09,298.64000000000004,8
202512,time,11220,all_observed,TMST_10,310.48,8
202512,time,11220,all_observed,TMST_11,372.59,8
202512,time,11220,all_observed,TMST_12,415.74,8
202512,time,11220,all_observed,TMST_13,429.47,8
202512,time,11220,all_observed,TMST_14,419.78000000000003,8
202512,time,11220,all_observed,TMST_15,432.69,8
202512,time,11220,all_observed,TMST_16,448.31,8
202512,time,11220,all_observed,TMST_17,489.5,8
202512,time,11220,all_observed,TMST_18,505.67999999999995,8
202512,time,11220,all_observed,TMST_19,383.70000000000005,8
202512,time,11220,all_observed,TMST_20,314.4,8
202512,time,11220,all_observed,TMST_21,271.00000000000006,8
202512,time,11220,all_observed,TMST_22,212.42000000000002,8
202512,time,11220,all_observed,TMST_23,140.29000000000002,8
202512,time,11220,common_6months,TMST_00,80.95,8
202512,time,11220,common_6months,TMST_01,55.39,8
202512,time,11220,common_6months,TMST_02,39.91,8
202512,time,11220,common_6months,TMST_03,31.099999999999998,8
202512,time,11220,common_6months,TMST_04,27.14,8
202512,time,11220,common_6months,TMST_05,38.410000000000004,8
202512,time,11220,common_6months,TMST_06,71.37,8
202512,time,11220,common_6months,TMST_07,145.26999999999998,8
202512,time,11220,common_6months,TMST_08,258.78000000000003,8
202512,time,11220,common_6months,TMST_09,298.64000000000004,8
202512,time,11220,common_6months,TMST_10,310.48,8
202512,time,11220,common_6months,TMST_11,372.59,8
202512,time,11220,common_6months,TMST_12,415.74,8
202512,time,11220,common_6months,TMST_13,429.47,8
202512,time,11220,common_6months,TMST_14,419.78000000000003,8
202512,time,11220,common_6months,TMST_15,432.69,8
202512,time,11220,common_6months,TMST_16,448.31,8
202512,time,11220,common_6months,TMST_17,489.5,8
202512,time,11220,common_6months,TMST_18,505.67999999999995,8
202512,time,11220,common_6months,TMST_19,383.70000000000005,8
202512,time,11220,common_6months,TMST_20,314.4,8
202512,time,11220,common_6months,TMST_21,271.00000000000006,8
202512,time,11220,common_6months,TMST_22,212.42000000000002,8
202512,time,11220,common_6months,TMST_23,140.29000000000002,8
202507,time,11230,all_observed,TMST_00,87942.88,15251
202507,time,11230,all_observed,TMST_01,58445.009999999995,15251
202507,time,11230,all_observed,TMST_02,41598.130000000005,15251
202507,time,11230,all_observed,TMST_03,34090.04,15251
202507,time,11230,all_observed,TMST_04,34108.03,15251
202507,time,11230,all_observed,TMST_05,54264.82,15251
202507,time,11230,all_observed,TMST_06,120686.65,15251
202507,time,11230,all_observed,TMST_07,241723.88999999998,15251
202507,time,11230,all_observed,TMST_08,396910.19,15251
202507,time,11230,all_observed,TMST_09,430173.9,15251
202507,time,11230,all_observed,TMST_10,437249.52999999997,15251
202507,time,11230,all_observed,TMST_11,491046.98,15251
202507,time,11230,all_observed,TMST_12,531310.77,15251
202507,time,11230,all_observed,TMST_13,526699.03,15251
202507,time,11230,all_observed,TMST_14,506920.64,15251
202507,time,11230,all_observed,TMST_15,508519.28,15251
202507,time,11230,all_observed,TMST_16,517311.37,15251
202507,time,11230,all_observed,TMST_17,557116.94,15251
202507,time,11230,all_observed,TMST_18,551212.2100000001,15251
202507,time,11230,all_observed,TMST_19,407949.92000000004,15251
202507,time,11230,all_observed,TMST_20,334146.33999999997,15251
202507,time,11230,all_observed,TMST_21,295191.99,15251
202507,time,11230,all_observed,TMST_22,238856.5,15251
202507,time,11230,all_observed,TMST_23,139704.69,15251
202507,time,11230,common_6months,TMST_00,87938.48,15191
202507,time,11230,common_6months,TMST_01,58442.729999999996,15191
202507,time,11230,common_6months,TMST_02,41596.93,15191
202507,time,11230,common_6months,TMST_03,34089.03,15191
202507,time,11230,common_6months,TMST_04,34106.98,15191
202507,time,11230,common_6months,TMST_05,54263.149999999994,15191
202507,time,11230,common_6months,TMST_06,120678.65,15191
202507,time,11230,common_6months,TMST_07,241710.29,15191
202507,time,11230,common_6months,TMST_08,396890.02,15191
202507,time,11230,common_6months,TMST_09,430155.66,15191
202507,time,11230,common_6months,TMST_10,437231.6,15191
202507,time,11230,common_6months,TMST_11,491029.64,15191
202507,time,11230,common_6months,TMST_12,531294.53,15191
202507,time,11230,common_6months,TMST_13,526683.15,15191
202507,time,11230,common_6months,TMST_14,506903.43,15191
202507,time,11230,common_6months,TMST_15,508500.94,15191
202507,time,11230,common_6months,TMST_16,517292.16000000003,15191
202507,time,11230,common_6months,TMST_17,557097.3999999999,15191
202507,time,11230,common_6months,TMST_18,551192.98,15191
202507,time,11230,common_6months,TMST_19,407931.79,15191
202507,time,11230,common_6months,TMST_20,334130.06,15191
202507,time,11230,common_6months,TMST_21,295178.16000000003,15191
202507,time,11230,common_6months,TMST_22,238845.22999999998,15191
202507,time,11230,common_6months,TMST_23,139698.06,15191
202508,time,11230,all_observed,TMST_00,88477.88,15301
202508,time,11230,all_observed,TMST_01,58633.89000000001,15301
202508,time,11230,all_observed,TMST_02,41530.0,15301
202508,time,11230,all_observed,TMST_03,34080.61,15301
202508,time,11230,all_observed,TMST_04,33788.65,15301
202508,time,11230,all_observed,TMST_05,51712.56,15301
202508,time,11230,all_observed,TMST_06,113651.71,15301
202508,time,11230,all_observed,TMST_07,219793.35,15301
202508,time,11230,all_observed,TMST_08,357654.67,15301
202508,time,11230,all_observed,TMST_09,401772.72000000003,15301
202508,time,11230,all_observed,TMST_10,414727.79,15301
202508,time,11230,all_observed,TMST_11,462539.85,15301
202508,time,11230,all_observed,TMST_12,506710.54,15301
202508,time,11230,all_observed,TMST_13,503190.20999999996,15301
202508,time,11230,all_observed,TMST_14,480960.89999999997,15301
202508,time,11230,all_observed,TMST_15,487428.0800000001,15301
202508,time,11230,all_observed,TMST_16,496814.06,15301
202508,time,11230,all_observed,TMST_17,529778.54,15301
202508,time,11230,all_observed,TMST_18,520077.23,15301
202508,time,11230,all_observed,TMST_19,395333.28,15301
202508,time,11230,all_observed,TMST_20,325510.51,15301
202508,time,11230,all_observed,TMST_21,287142.54000000004,15301
202508,time,11230,all_observed,TMST_22,234922.73,15301
202508,time,11230,all_observed,TMST_23,138301.43,15301
202508,time,11230,common_6months,TMST_00,88464.73000000001,15191
202508,time,11230,common_6months,TMST_01,58625.88,15191
202508,time,11230,common_6months,TMST_02,41524.06,15191
202508,time,11230,common_6months,TMST_03,34075.159999999996,15191
202508,time,11230,common_6months,TMST_04,33783.17,15191
202508,time,11230,common_6months,TMST_05,51704.97,15191
202508,time,11230,common_6months,TMST_06,113634.04000000001,15191
202508,time,11230,common_6months,TMST_07,219762.19999999998,15191
202508,time,11230,common_6months,TMST_08,357611.64,15191
202508,time,11230,common_6months,TMST_09,401730.11,15191
202508,time,11230,common_6months,TMST_10,414684.56000000006,15191
202508,time,11230,common_6months,TMST_11,462498.12,15191
202508,time,11230,common_6months,TMST_12,506669.56000000006,15191
202508,time,11230,common_6months,TMST_13,503149.75999999995,15191
202508,time,11230,common_6months,TMST_14,480919.49000000005,15191
202508,time,11230,common_6months,TMST_15,487382.58999999997,15191
202508,time,11230,common_6months,TMST_16,496767.83999999997,15191
202508,time,11230,common_6months,TMST_17,529731.6799999999,15191
202508,time,11230,common_6months,TMST_18,520029.56,15191
202508,time,11230,common_6months,TMST_19,395289.06000000006,15191
202508,time,11230,common_6months,TMST_20,325470.62,15191
202508,time,11230,common_6months,TMST_21,287107.58999999997,15191
202508,time,11230,common_6months,TMST_22,234893.3,15191
202508,time,11230,common_6months,TMST_23,138281.55,15191
202509,time,11230,all_observed,TMST_00,84903.65,15349
202509,time,11230,all_observed,TMST_01,55668.47,15349
202509,time,11230,all_observed,TMST_02,39336.94,15349
202509,time,11230,all_observed,TMST_03,32587.920000000002,15349
202509,time,11230,all_observed,TMST_04,32958.42,15349
202509,time,11230,all_observed,TMST_05,52440.69,15349
202509,time,11230,all_observed,TMST_06,119761.34999999999,15349
202509,time,11230,all_observed,TMST_07,253334.19,15349
202509,time,11230,all_observed,TMST_08,410352.07000000007,15349
202509,time,11230,all_observed,TMST_09,430149.87,15349
202509,time,11230,all_observed,TMST_10,435322.38999999996,15349
202509,time,11230,all_observed,TMST_11,487673.73,15349
202509,time,11230,all_observed,TMST_12,534244.0599999999,15349
202509,time,11230,all_observed,TMST_13,525159.07,15349
202509,time,11230,all_observed,TMST_14,510981.42999999993,15349
202509,time,11230,all_observed,TMST_15,526784.96,15349
202509,time,11230,all_observed,TMST_16,538794.1,15349
202509,time,11230,all_observed,TMST_17,565403.0399999999,15349
202509,time,11230,all_observed,TMST_18,554385.39,15349
202509,time,11230,all_observed,TMST_19,413672.45999999996,15349
202509,time,11230,all_observed,TMST_20,335174.31,15349
202509,time,11230,all_observed,TMST_21,290704.06999999995,15349
202509,time,11230,all_observed,TMST_22,232996.56,15349
202509,time,11230,all_observed,TMST_23,136838.71000000002,15349
202509,time,11230,common_6months,TMST_00,84885.38,15191
202509,time,11230,common_6months,TMST_01,55657.03,15191
202509,time,11230,common_6months,TMST_02,39327.740000000005,15191
202509,time,11230,common_6months,TMST_03,32579.709999999995,15191
202509,time,11230,common_6months,TMST_04,32949.69,15191
202509,time,11230,common_6months,TMST_05,52428.31,15191
202509,time,11230,common_6months,TMST_06,119733.91,15191
202509,time,11230,common_6months,TMST_07,253281.82,15191
202509,time,11230,common_6months,TMST_08,410275.64999999997,15191
202509,time,11230,common_6months,TMST_09,430085.56000000006,15191
202509,time,11230,common_6months,TMST_10,435258.19999999995,15191
202509,time,11230,common_6months,TMST_11,487610.5,15191
202509,time,11230,common_6months,TMST_12,534181.05,15191
202509,time,11230,common_6months,TMST_13,525094.11,15191
202509,time,11230,common_6months,TMST_14,510912.89,15191
202509,time,11230,common_6months,TMST_15,526711.26,15191
202509,time,11230,common_6months,TMST_16,538718.49,15191
202509,time,11230,common_6months,TMST_17,565330.09,15191
202509,time,11230,common_6months,TMST_18,554312.48,15191
202509,time,11230,common_6months,TMST_19,413608.25000000006,15191
202509,time,11230,common_6months,TMST_20,335116.86,15191
202509,time,11230,common_6months,TMST_21,290653.63,15191
202509,time,11230,common_6months,TMST_22,232953.99,15191
202509,time,11230,common_6months,TMST_23,136810.38,15191
202510,time,11230,all_observed,TMST_00,86327.23,15387
202510,time,11230,all_observed,TMST_01,56915.7,15387
202510,time,11230,all_observed,TMST_02,40168.1,15387
202510,time,11230,all_observed,TMST_03,33485.24,15387
202510,time,11230,all_observed,TMST_04,33141.73,15387
202510,time,11230,all_observed,TMST_05,49581.439999999995,15387
202510,time,11230,all_observed,TMST_06,105691.1,15387
202510,time,11230,all_observed,TMST_07,218970.87,15387
202510,time,11230,all_observed,TMST_08,358637.02,15387
202510,time,11230,all_observed,TMST_09,397132.82999999996,15387
202510,time,11230,all_observed,TMST_10,415195.24,15387
202510,time,11230,all_observed,TMST_11,466824.9,15387
202510,time,11230,all_observed,TMST_12,510628.13,15387
202510,time,11230,all_observed,TMST_13,503571.56,15387
202510,time,11230,all_observed,TMST_14,489095.07,15387
202510,time,11230,all_observed,TMST_15,501326.9,15387
202510,time,11230,all_observed,TMST_16,509295.16,15387
202510,time,11230,all_observed,TMST_17,526620.1799999999,15387
202510,time,11230,all_observed,TMST_18,503696.13,15387
202510,time,11230,all_observed,TMST_19,382381.26,15387
202510,time,11230,all_observed,TMST_20,314545.14,15387
202510,time,11230,all_observed,TMST_21,272890.88,15387
202510,time,11230,all_observed,TMST_22,221923.28000000003,15387
202510,time,11230,all_observed,TMST_23,134622.46000000002,15387
202510,time,11230,common_6months,TMST_00,86302.31999999999,15191
202510,time,11230,common_6months,TMST_01,56899.2,15191
202510,time,11230,common_6months,TMST_02,40154.63,15191
202510,time,11230,common_6months,TMST_03,33473.18,15191
202510,time,11230,common_6months,TMST_04,33129.619999999995,15191
202510,time,11230,common_6months,TMST_05,49565.63,15191
202510,time,11230,common_6months,TMST_06,105660.25000000001,15191
202510,time,11230,common_6months,TMST_07,218912.35,15191
202510,time,11230,common_6months,TMST_08,358549.63,15191
202510,time,11230,common_6months,TMST_09,397051.49,15191
202510,time,11230,common_6months,TMST_10,415109.51000000007,15191
202510,time,11230,common_6months,TMST_11,466736.66000000003,15191
202510,time,11230,common_6months,TMST_12,510542.14,15191
202510,time,11230,common_6months,TMST_13,503484.14,15191
202510,time,11230,common_6months,TMST_14,489004.43000000005,15191
202510,time,11230,common_6months,TMST_15,501231.70000000007,15191
202510,time,11230,common_6months,TMST_16,509199.01,15191
202510,time,11230,common_6months,TMST_17,526528.96,15191
202510,time,11230,common_6months,TMST_18,503609.87,15191
202510,time,11230,common_6months,TMST_19,382305.31999999995,15191
202510,time,11230,common_6months,TMST_20,314475.25,15191
202510,time,11230,common_6months,TMST_21,272828.75,15191
202510,time,11230,common_6months,TMST_22,221869.46000000002,15191
202510,time,11230,common_6months,TMST_23,134584.83000000002,15191
202511,time,11230,all_observed,TMST_00,86874.76,15418
202511,time,11230,all_observed,TMST_01,58161.770000000004,15418
202511,time,11230,all_observed,TMST_02,41209.84,15418
202511,time,11230,all_observed,TMST_03,34217.67,15418
202511,time,11230,all_observed,TMST_04,33520.55,15418
202511,time,11230,all_observed,TMST_05,53861.45999999999,15418
202511,time,11230,all_observed,TMST_06,111335.41,15418
202511,time,11230,all_observed,TMST_07,228499.2,15418
202511,time,11230,all_observed,TMST_08,381296.27,15418
202511,time,11230,all_observed,TMST_09,419243.85,15418
202511,time,11230,all_observed,TMST_10,433004.54,15418
202511,time,11230,all_observed,TMST_11,485386.25,15418
202511,time,11230,all_observed,TMST_12,533213.74,15418
202511,time,11230,all_observed,TMST_13,529922.62,15418
202511,time,11230,all_observed,TMST_14,516387.02,15418
202511,time,11230,all_observed,TMST_15,528501.01,15418
202511,time,11230,all_observed,TMST_16,534570.1,15418
202511,time,11230,all_observed,TMST_17,557430.06,15418
202511,time,11230,all_observed,TMST_18,535042.9299999999,15418
202511,time,11230,all_observed,TMST_19,398951.54000000004,15418
202511,time,11230,all_observed,TMST_20,323216.55,15418
202511,time,11230,all_observed,TMST_21,279682.83,15418
202511,time,11230,all_observed,TMST_22,221721.98,15418
202511,time,11230,all_observed,TMST_23,134113.13,15418
202511,time,11230,common_6months,TMST_00,86849.21,15191
202511,time,11230,common_6months,TMST_01,58144.09,15191
202511,time,11230,common_6months,TMST_02,41196.3,15191
202511,time,11230,common_6months,TMST_03,34204.97,15191
202511,time,11230,common_6months,TMST_04,33507.75,15191
202511,time,11230,common_6months,TMST_05,53844.16,15191
202511,time,11230,common_6months,TMST_06,111301.72,15191
202511,time,11230,common_6months,TMST_07,228429.76,15191
202511,time,11230,common_6months,TMST_08,381190.53,15191
202511,time,11230,common_6months,TMST_09,419148.15,15191
202511,time,11230,common_6months,TMST_10,432905.05999999994,15191
202511,time,11230,common_6months,TMST_11,485286.66,15191
202511,time,11230,common_6months,TMST_12,533112.51,15191
202511,time,11230,common_6months,TMST_13,529821.16,15191
202511,time,11230,common_6months,TMST_14,516281.68999999994,15191
202511,time,11230,common_6months,TMST_15,528390.05,15191
202511,time,11230,common_6months,TMST_16,534456.8600000001,15191
202511,time,11230,common_6months,TMST_17,557323.88,15191
202511,time,11230,common_6months,TMST_18,534945.26,15191
202511,time,11230,common_6months,TMST_19,398865.05999999994,15191
202511,time,11230,common_6months,TMST_20,323137.88,15191
202511,time,11230,common_6months,TMST_21,279614.19,15191
202511,time,11230,common_6months,TMST_22,221664.27000000002,15191
202511,time,11230,common_6months,TMST_23,134073.95,15191
202512,time,11230,all_observed,TMST_00,88761.26999999999,15421
202512,time,11230,all_observed,TMST_01,59795.840000000004,15421
202512,time,11230,all_observed,TMST_02,42400.9,15421
202512,time,11230,all_observed,TMST_03,34424.5,15421
202512,time,11230,all_observed,TMST_04,32896.19,15421
202512,time,11230,all_observed,TMST_05,54467.93,15421
202512,time,11230,all_observed,TMST_06,104862.96999999999,15421
202512,time,11230,all_observed,TMST_07,210200.32,15421
202512,time,11230,all_observed,TMST_08,362203.14,15421
202512,time,11230,all_observed,TMST_09,398558.52,15421
202512,time,11230,all_observed,TMST_10,420993.0800000001,15421
202512,time,11230,all_observed,TMST_11,478732.99,15421
202512,time,11230,all_observed,TMST_12,515054.5,15421
202512,time,11230,all_observed,TMST_13,520332.91,15421
202512,time,11230,all_observed,TMST_14,515720.22,15421
202512,time,11230,all_observed,TMST_15,524822.06,15421
202512,time,11230,all_observed,TMST_16,530900.54,15421
202512,time,11230,all_observed,TMST_17,552952.24,15421
202512,time,11230,all_observed,TMST_18,524442.58,15421
202512,time,11230,all_observed,TMST_19,391461.99,15421
202512,time,11230,all_observed,TMST_20,320233.67,15421
202512,time,11230,all_observed,TMST_21,274522.29,15421
202512,time,11230,all_observed,TMST_22,221433.43,15421
202512,time,11230,all_observed,TMST_23,140672.78999999998,15421
202512,time,11230,common_6months,TMST_00,88728.4,15191
202512,time,11230,common_6months,TMST_01,59773.79,15191
202512,time,11230,common_6months,TMST_02,42382.509999999995,15191
202512,time,11230,common_6months,TMST_03,34408.36,15191
202512,time,11230,common_6months,TMST_04,32880.39,15191
202512,time,11230,common_6months,TMST_05,54447.86,15191
202512,time,11230,common_6months,TMST_06,104825.58,15191
202512,time,11230,common_6months,TMST_07,210124.72,15191
202512,time,11230,common_6months,TMST_08,362083.16000000003,15191
202512,time,11230,common_6months,TMST_09,398451.4,15191
202512,time,11230,common_6months,TMST_10,420878.88,15191
202512,time,11230,common_6months,TMST_11,478616.8,15191
202512,time,11230,common_6months,TMST_12,514938.78,15191
202512,time,11230,common_6months,TMST_13,520215.3,15191
202512,time,11230,common_6months,TMST_14,515596.43000000005,15191
202512,time,11230,common_6months,TMST_15,524694.9500000001,15191
202512,time,11230,common_6months,TMST_16,530772.89,15191
202512,time,11230,common_6months,TMST_17,552830.5900000001,15191
202512,time,11230,common_6months,TMST_18,524328.89,15191
202512,time,11230,common_6months,TMST_19,391360.43999999994,15191
202512,time,11230,common_6months,TMST_20,320142.41000000003,15191
202512,time,11230,common_6months,TMST_21,274443.14,15191
202512,time,11230,common_6months,TMST_22,221365.01,15191
202512,time,11230,common_6months,TMST_23,140622.7,15191
202507,time,11240,all_observed,TMST_00,0.13,1
202507,time,11240,all_observed,TMST_01,0.08,1
202507,time,11240,all_observed,TMST_02,0.05,1
202507,time,11240,all_observed,TMST_03,0.05,1
202507,time,11240,all_observed,TMST_04,0.05,1
202507,time,11240,all_observed,TMST_05,0.1,1
202507,time,11240,all_observed,TMST_06,0.23,1
202507,time,11240,all_observed,TMST_07,0.43,1
202507,time,11240,all_observed,TMST_08,0.56,1
202507,time,11240,all_observed,TMST_09,0.53,1
202507,time,11240,all_observed,TMST_10,0.51,1
202507,time,11240,all_observed,TMST_11,0.51,1
202507,time,11240,all_observed,TMST_12,0.48,1
202507,time,11240,all_observed,TMST_13,0.51,1
202507,time,11240,all_observed,TMST_14,0.48,1
202507,time,11240,all_observed,TMST_15,0.51,1
202507,time,11240,all_observed,TMST_16,0.53,1
202507,time,11240,all_observed,TMST_17,0.53,1
202507,time,11240,all_observed,TMST_18,0.51,1
202507,time,11240,all_observed,TMST_19,0.43,1
202507,time,11240,all_observed,TMST_20,0.41,1
202507,time,11240,all_observed,TMST_21,0.38,1
202507,time,11240,all_observed,TMST_22,0.33,1
202507,time,11240,all_observed,TMST_23,0.18,1
202507,time,11240,common_6months,TMST_00,0.13,1
202507,time,11240,common_6months,TMST_01,0.08,1
202507,time,11240,common_6months,TMST_02,0.05,1
202507,time,11240,common_6months,TMST_03,0.05,1
202507,time,11240,common_6months,TMST_04,0.05,1
202507,time,11240,common_6months,TMST_05,0.1,1
202507,time,11240,common_6months,TMST_06,0.23,1
202507,time,11240,common_6months,TMST_07,0.43,1
202507,time,11240,common_6months,TMST_08,0.56,1
202507,time,11240,common_6months,TMST_09,0.53,1
202507,time,11240,common_6months,TMST_10,0.51,1
202507,time,11240,common_6months,TMST_11,0.51,1
202507,time,11240,common_6months,TMST_12,0.48,1
202507,time,11240,common_6months,TMST_13,0.51,1
202507,time,11240,common_6months,TMST_14,0.48,1
202507,time,11240,common_6months,TMST_15,0.51,1
202507,time,11240,common_6months,TMST_16,0.53,1
202507,time,11240,common_6months,TMST_17,0.53,1
202507,time,11240,common_6months,TMST_18,0.51,1
202507,time,11240,common_6months,TMST_19,0.43,1
202507,time,11240,common_6months,TMST_20,0.41,1
202507,time,11240,common_6months,TMST_21,0.38,1
202507,time,11240,common_6months,TMST_22,0.33,1
202507,time,11240,common_6months,TMST_23,0.18,1
202508,time,11240,all_observed,TMST_00,0.1,1
202508,time,11240,all_observed,TMST_01,0.08,1
202508,time,11240,all_observed,TMST_02,0.05,1
202508,time,11240,all_observed,TMST_03,0.05,1
202508,time,11240,all_observed,TMST_04,0.05,1
202508,time,11240,all_observed,TMST_05,0.1,1
202508,time,11240,all_observed,TMST_06,0.2,1
202508,time,11240,all_observed,TMST_07,0.38,1
202508,time,11240,all_observed,TMST_08,0.48,1
202508,time,11240,all_observed,TMST_09,0.51,1
202508,time,11240,all_observed,TMST_10,0.48,1
202508,time,11240,all_observed,TMST_11,0.48,1
202508,time,11240,all_observed,TMST_12,0.48,1
202508,time,11240,all_observed,TMST_13,0.46,1
202508,time,11240,all_observed,TMST_14,0.46,1
202508,time,11240,all_observed,TMST_15,0.48,1
202508,time,11240,all_observed,TMST_16,0.51,1
202508,time,11240,all_observed,TMST_17,0.51,1
202508,time,11240,all_observed,TMST_18,0.46,1
202508,time,11240,all_observed,TMST_19,0.41,1
202508,time,11240,all_observed,TMST_20,0.41,1
202508,time,11240,all_observed,TMST_21,0.38,1
202508,time,11240,all_observed,TMST_22,0.33,1
202508,time,11240,all_observed,TMST_23,0.18,1
202508,time,11240,common_6months,TMST_00,0.1,1
202508,time,11240,common_6months,TMST_01,0.08,1
202508,time,11240,common_6months,TMST_02,0.05,1
202508,time,11240,common_6months,TMST_03,0.05,1
202508,time,11240,common_6months,TMST_04,0.05,1
202508,time,11240,common_6months,TMST_05,0.1,1
202508,time,11240,common_6months,TMST_06,0.2,1
202508,time,11240,common_6months,TMST_07,0.38,1
202508,time,11240,common_6months,TMST_08,0.48,1
202508,time,11240,common_6months,TMST_09,0.51,1
202508,time,11240,common_6months,TMST_10,0.48,1
202508,time,11240,common_6months,TMST_11,0.48,1
202508,time,11240,common_6months,TMST_12,0.48,1
202508,time,11240,common_6months,TMST_13,0.46,1
202508,time,11240,common_6months,TMST_14,0.46,1
202508,time,11240,common_6months,TMST_15,0.48,1
202508,time,11240,common_6months,TMST_16,0.51,1
202508,time,11240,common_6months,TMST_17,0.51,1
202508,time,11240,common_6months,TMST_18,0.46,1
202508,time,11240,common_6months,TMST_19,0.41,1
202508,time,11240,common_6months,TMST_20,0.41,1
202508,time,11240,common_6months,TMST_21,0.38,1
202508,time,11240,common_6months,TMST_22,0.33,1
202508,time,11240,common_6months,TMST_23,0.18,1
202509,time,11240,all_observed,TMST_00,0.1,1
202509,time,11240,all_observed,TMST_01,0.05,1
202509,time,11240,all_observed,TMST_02,0.05,1
202509,time,11240,all_observed,TMST_03,0.05,1
202509,time,11240,all_observed,TMST_04,0.05,1
202509,time,11240,all_observed,TMST_05,0.1,1
202509,time,11240,all_observed,TMST_06,0.2,1
202509,time,11240,all_observed,TMST_07,0.41,1
202509,time,11240,all_observed,TMST_08,0.51,1
202509,time,11240,all_observed,TMST_09,0.46,1
202509,time,11240,all_observed,TMST_10,0.46,1
202509,time,11240,all_observed,TMST_11,0.46,1
202509,time,11240,all_observed,TMST_12,0.46,1
202509,time,11240,all_observed,TMST_13,0.46,1
202509,time,11240,all_observed,TMST_14,0.46,1
202509,time,11240,all_observed,TMST_15,0.48,1
202509,time,11240,all_observed,TMST_16,0.51,1
202509,time,11240,all_observed,TMST_17,0.51,1
202509,time,11240,all_observed,TMST_18,0.46,1
202509,time,11240,all_observed,TMST_19,0.41,1
202509,time,11240,all_observed,TMST_20,0.38,1
202509,time,11240,all_observed,TMST_21,0.36,1
202509,time,11240,all_observed,TMST_22,0.3,1
202509,time,11240,all_observed,TMST_23,0.15,1
202509,time,11240,common_6months,TMST_00,0.1,1
202509,time,11240,common_6months,TMST_01,0.05,1
202509,time,11240,common_6months,TMST_02,0.05,1
202509,time,11240,common_6months,TMST_03,0.05,1
202509,time,11240,common_6months,TMST_04,0.05,1
202509,time,11240,common_6months,TMST_05,0.1,1
202509,time,11240,common_6months,TMST_06,0.2,1
202509,time,11240,common_6months,TMST_07,0.41,1
202509,time,11240,common_6months,TMST_08,0.51,1
202509,time,11240,common_6months,TMST_09,0.46,1
202509,time,11240,common_6months,TMST_10,0.46,1
202509,time,11240,common_6months,TMST_11,0.46,1
202509,time,11240,common_6months,TMST_12,0.46,1
202509,time,11240,common_6months,TMST_13,0.46,1
202509,time,11240,common_6months,TMST_14,0.46,1
202509,time,11240,common_6months,TMST_15,0.48,1
202509,time,11240,common_6months,TMST_16,0.51,1
202509,time,11240,common_6months,TMST_17,0.51,1
202509,time,11240,common_6months,TMST_18,0.46,1
202509,time,11240,common_6months,TMST_19,0.41,1
202509,time,11240,common_6months,TMST_20,0.38,1
202509,time,11240,common_6months,TMST_21,0.36,1
202509,time,11240,common_6months,TMST_22,0.3,1
202509,time,11240,common_6months,TMST_23,0.15,1
202510,time,11240,all_observed,TMST_00,0.1,1
202510,time,11240,all_observed,TMST_01,0.05,1
202510,time,11240,all_observed,TMST_02,0.05,1
202510,time,11240,all_observed,TMST_03,0.03,1
202510,time,11240,all_observed,TMST_04,0.05,1
202510,time,11240,all_observed,TMST_05,0.08,1
202510,time,11240,all_observed,TMST_06,0.15,1
202510,time,11240,all_observed,TMST_07,0.36,1
202510,time,11240,all_observed,TMST_08,0.46,1
202510,time,11240,all_observed,TMST_09,0.46,1
202510,time,11240,all_observed,TMST_10,0.46,1
202510,time,11240,all_observed,TMST_11,0.46,1
202510,time,11240,all_observed,TMST_12,0.46,1
202510,time,11240,all_observed,TMST_13,0.46,1
202510,time,11240,all_observed,TMST_14,0.46,1
202510,time,11240,all_observed,TMST_15,0.48,1
202510,time,11240,all_observed,TMST_16,0.51,1
202510,time,11240,all_observed,TMST_17,0.48,1
202510,time,11240,all_observed,TMST_18,0.43,1
202510,time,11240,all_observed,TMST_19,0.38,1
202510,time,11240,all_observed,TMST_20,0.38,1
202510,time,11240,all_observed,TMST_21,0.33,1
202510,time,11240,all_observed,TMST_22,0.28,1
202510,time,11240,all_observed,TMST_23,0.15,1
202510,time,11240,common_6months,TMST_00,0.1,1
202510,time,11240,common_6months,TMST_01,0.05,1
202510,time,11240,common_6months,TMST_02,0.05,1
202510,time,11240,common_6months,TMST_03,0.03,1
202510,time,11240,common_6months,TMST_04,0.05,1
202510,time,11240,common_6months,TMST_05,0.08,1
202510,time,11240,common_6months,TMST_06,0.15,1
202510,time,11240,common_6months,TMST_07,0.36,1
202510,time,11240,common_6months,TMST_08,0.46,1
202510,time,11240,common_6months,TMST_09,0.46,1
202510,time,11240,common_6months,TMST_10,0.46,1
202510,time,11240,common_6months,TMST_11,0.46,1
202510,time,11240,common_6months,TMST_12,0.46,1
202510,time,11240,common_6months,TMST_13,0.46,1
202510,time,11240,common_6months,TMST_14,0.46,1
202510,time,11240,common_6months,TMST_15,0.48,1
202510,time,11240,common_6months,TMST_16,0.51,1
202510,time,11240,common_6months,TMST_17,0.48,1
202510,time,11240,common_6months,TMST_18,0.43,1
202510,time,11240,common_6months,TMST_19,0.38,1
202510,time,11240,common_6months,TMST_20,0.38,1
202510,time,11240,common_6months,TMST_21,0.33,1
202510,time,11240,common_6months,TMST_22,0.28,1
202510,time,11240,common_6months,TMST_23,0.15,1
202511,time,11240,all_observed,TMST_00,0.1,1
202511,time,11240,all_observed,TMST_01,0.05,1
202511,time,11240,all_observed,TMST_02,0.05,1
202511,time,11240,all_observed,TMST_03,0.03,1
202511,time,11240,all_observed,TMST_04,0.05,1
202511,time,11240,all_observed,TMST_05,0.1,1
202511,time,11240,all_observed,TMST_06,0.18,1
202511,time,11240,all_observed,TMST_07,0.33,1
202511,time,11240,all_observed,TMST_08,0.43,1
202511,time,11240,all_observed,TMST_09,0.43,1
202511,time,11240,all_observed,TMST_10,0.43,1
202511,time,11240,all_observed,TMST_11,0.43,1
202511,time,11240,all_observed,TMST_12,0.43,1
202511,time,11240,all_observed,TMST_13,0.43,1
202511,time,11240,all_observed,TMST_14,0.46,1
202511,time,11240,all_observed,TMST_15,0.46,1
202511,time,11240,all_observed,TMST_16,0.48,1
202511,time,11240,all_observed,TMST_17,0.48,1
202511,time,11240,all_observed,TMST_18,0.43,1
202511,time,11240,all_observed,TMST_19,0.36,1
202511,time,11240,all_observed,TMST_20,0.33,1
202511,time,11240,all_observed,TMST_21,0.3,1
202511,time,11240,all_observed,TMST_22,0.25,1
202511,time,11240,all_observed,TMST_23,0.15,1
202511,time,11240,common_6months,TMST_00,0.1,1
202511,time,11240,common_6months,TMST_01,0.05,1
202511,time,11240,common_6months,TMST_02,0.05,1
202511,time,11240,common_6months,TMST_03,0.03,1
202511,time,11240,common_6months,TMST_04,0.05,1
202511,time,11240,common_6months,TMST_05,0.1,1
202511,time,11240,common_6months,TMST_06,0.18,1
202511,time,11240,common_6months,TMST_07,0.33,1
202511,time,11240,common_6months,TMST_08,0.43,1
202511,time,11240,common_6months,TMST_09,0.43,1
202511,time,11240,common_6months,TMST_10,0.43,1
202511,time,11240,common_6months,TMST_11,0.43,1
202511,time,11240,common_6months,TMST_12,0.43,1
202511,time,11240,common_6months,TMST_13,0.43,1
202511,time,11240,common_6months,TMST_14,0.46,1
202511,time,11240,common_6months,TMST_15,0.46,1
202511,time,11240,common_6months,TMST_16,0.48,1
202511,time,11240,common_6months,TMST_17,0.48,1
202511,time,11240,common_6months,TMST_18,0.43,1
202511,time,11240,common_6months,TMST_19,0.36,1
202511,time,11240,common_6months,TMST_20,0.33,1
202511,time,11240,common_6months,TMST_21,0.3,1
202511,time,11240,common_6months,TMST_22,0.25,1
202511,time,11240,common_6months,TMST_23,0.15,1
202512,time,11240,all_observed,TMST_00,0.1,1
202512,time,11240,all_observed,TMST_01,0.05,1
202512,time,11240,all_observed,TMST_02,0.05,1
202512,time,11240,all_observed,TMST_03,0.05,1
202512,time,11240,all_observed,TMST_04,0.05,1
202512,time,11240,all_observed,TMST_05,0.1,1
202512,time,11240,all_observed,TMST_06,0.2,1
202512,time,11240,all_observed,TMST_07,0.3,1
202512,time,11240,all_observed,TMST_08,0.41,1
202512,time,11240,all_observed,TMST_09,0.41,1
202512,time,11240,all_observed,TMST_10,0.43,1
202512,time,11240,all_observed,TMST_11,0.43,1
202512,time,11240,all_observed,TMST_12,0.43,1
202512,time,11240,all_observed,TMST_13,0.43,1
202512,time,11240,all_observed,TMST_14,0.46,1
202512,time,11240,all_observed,TMST_15,0.46,1
202512,time,11240,all_observed,TMST_16,0.48,1
202512,time,11240,all_observed,TMST_17,0.46,1
202512,time,11240,all_observed,TMST_18,0.38,1
202512,time,11240,all_observed,TMST_19,0.33,1
202512,time,11240,all_observed,TMST_20,0.3,1
202512,time,11240,all_observed,TMST_21,0.28,1
202512,time,11240,all_observed,TMST_22,0.25,1
202512,time,11240,all_observed,TMST_23,0.15,1
202512,time,11240,common_6months,TMST_00,0.1,1
202512,time,11240,common_6months,TMST_01,0.05,1
202512,time,11240,common_6months,TMST_02,0.05,1
202512,time,11240,common_6months,TMST_03,0.05,1
202512,time,11240,common_6months,TMST_04,0.05,1
202512,time,11240,common_6months,TMST_05,0.1,1
202512,time,11240,common_6months,TMST_06,0.2,1
202512,time,11240,common_6months,TMST_07,0.3,1
202512,time,11240,common_6months,TMST_08,0.41,1
202512,time,11240,common_6months,TMST_09,0.41,1
202512,time,11240,common_6months,TMST_10,0.43,1
202512,time,11240,common_6months,TMST_11,0.43,1
202512,time,11240,common_6months,TMST_12,0.43,1
202512,time,11240,common_6months,TMST_13,0.43,1
202512,time,11240,common_6months,TMST_14,0.46,1
202512,time,11240,common_6months,TMST_15,0.46,1
202512,time,11240,common_6months,TMST_16,0.48,1
202512,time,11240,common_6months,TMST_17,0.46,1
202512,time,11240,common_6months,TMST_18,0.38,1
202512,time,11240,common_6months,TMST_19,0.33,1
202512,time,11240,common_6months,TMST_20,0.3,1
202512,time,11240,common_6months,TMST_21,0.28,1
202512,time,11240,common_6months,TMST_22,0.25,1
202512,time,11240,common_6months,TMST_23,0.15,1
202507,time,31370,all_observed,TMST_00,0.15,16
202507,time,31370,all_observed,TMST_01,0.09,16
202507,time,31370,all_observed,TMST_02,0.09,16
202507,time,31370,all_observed,TMST_03,0.09,16
202507,time,31370,all_observed,TMST_04,0.06,16
202507,time,31370,all_observed,TMST_05,0.11,16
202507,time,31370,all_observed,TMST_06,0.38,16
202507,time,31370,all_observed,TMST_07,1.04,16
202507,time,31370,all_observed,TMST_08,1.12,16
202507,time,31370,all_observed,TMST_09,1.03,16
202507,time,31370,all_observed,TMST_10,1.1400000000000001,16
202507,time,31370,all_observed,TMST_11,1.1700000000000002,16
202507,time,31370,all_observed,TMST_12,0.9400000000000001,16
202507,time,31370,all_observed,TMST_13,1.08,16
202507,time,31370,all_observed,TMST_14,1.08,16
202507,time,31370,all_observed,TMST_15,1.02,16
202507,time,31370,all_observed,TMST_16,0.8800000000000001,16
202507,time,31370,all_observed,TMST_17,0.8200000000000001,16
202507,time,31370,all_observed,TMST_18,0.5900000000000001,16
202507,time,31370,all_observed,TMST_19,0.55,16
202507,time,31370,all_observed,TMST_20,0.5,16
202507,time,31370,all_observed,TMST_21,0.42000000000000004,16
202507,time,31370,all_observed,TMST_22,0.31,16
202507,time,31370,all_observed,TMST_23,0.18,16
202507,time,31370,common_6months,TMST_00,0.15,16
202507,time,31370,common_6months,TMST_01,0.09,16
202507,time,31370,common_6months,TMST_02,0.09,16
202507,time,31370,common_6months,TMST_03,0.09,16
202507,time,31370,common_6months,TMST_04,0.06,16
202507,time,31370,common_6months,TMST_05,0.11,16
202507,time,31370,common_6months,TMST_06,0.38,16
202507,time,31370,common_6months,TMST_07,1.04,16
202507,time,31370,common_6months,TMST_08,1.12,16
202507,time,31370,common_6months,TMST_09,1.03,16
202507,time,31370,common_6months,TMST_10,1.1400000000000001,16
202507,time,31370,common_6months,TMST_11,1.1700000000000002,16
202507,time,31370,common_6months,TMST_12,0.9400000000000001,16
202507,time,31370,common_6months,TMST_13,1.08,16
202507,time,31370,common_6months,TMST_14,1.08,16
202507,time,31370,common_6months,TMST_15,1.02,16
202507,time,31370,common_6months,TMST_16,0.8800000000000001,16
202507,time,31370,common_6months,TMST_17,0.8200000000000001,16
202507,time,31370,common_6months,TMST_18,0.5900000000000001,16
202507,time,31370,common_6months,TMST_19,0.55,16
202507,time,31370,common_6months,TMST_20,0.5,16
202507,time,31370,common_6months,TMST_21,0.42000000000000004,16
202507,time,31370,common_6months,TMST_22,0.31,16
202507,time,31370,common_6months,TMST_23,0.18,16
202508,time,31370,all_observed,TMST_00,0.15,16
202508,time,31370,all_observed,TMST_01,0.15,16
202508,time,31370,all_observed,TMST_02,0.09,16
202508,time,31370,all_observed,TMST_03,0.09,16
202508,time,31370,all_observed,TMST_04,0.09,16
202508,time,31370,all_observed,TMST_05,0.11,16
202508,time,31370,all_observed,TMST_06,0.38,16
202508,time,31370,all_observed,TMST_07,1.08,16
202508,time,31370,all_observed,TMST_08,1.15,16
202508,time,31370,all_observed,TMST_09,1.1600000000000001,16
202508,time,31370,all_observed,TMST_10,1.33,16
202508,time,31370,all_observed,TMST_11,1.44,16
202508,time,31370,all_observed,TMST_12,1.21,16
202508,time,31370,all_observed,TMST_13,1.26,16
202508,time,31370,all_observed,TMST_14,1.17,16
202508,time,31370,all_observed,TMST_15,1.12,16
202508,time,31370,all_observed,TMST_16,1.02,16
202508,time,31370,all_observed,TMST_17,0.92,16
202508,time,31370,all_observed,TMST_18,0.6,16
202508,time,31370,all_observed,TMST_19,0.58,16
202508,time,31370,all_observed,TMST_20,0.58,16
202508,time,31370,all_observed,TMST_21,0.52,16
202508,time,31370,all_observed,TMST_22,0.43,16
202508,time,31370,all_observed,TMST_23,0.2,16
202508,time,31370,common_6months,TMST_00,0.15,16
202508,time,31370,common_6months,TMST_01,0.15,16
202508,time,31370,common_6months,TMST_02,0.09,16
202508,time,31370,common_6months,TMST_03,0.09,16
202508,time,31370,common_6months,TMST_04,0.09,16
202508,time,31370,common_6months,TMST_05,0.11,16
202508,time,31370,common_6months,TMST_06,0.38,16
202508,time,31370,common_6months,TMST_07,1.08,16
202508,time,31370,common_6months,TMST_08,1.15,16
202508,time,31370,common_6months,TMST_09,1.1600000000000001,16
202508,time,31370,common_6months,TMST_10,1.33,16
202508,time,31370,common_6months,TMST_11,1.44,16
202508,time,31370,common_6months,TMST_12,1.21,16
202508,time,31370,common_6months,TMST_13,1.26,16
202508,time,31370,common_6months,TMST_14,1.17,16
202508,time,31370,common_6months,TMST_15,1.12,16
202508,time,31370,common_6months,TMST_16,1.02,16
202508,time,31370,common_6months,TMST_17,0.92,16
202508,time,31370,common_6months,TMST_18,0.6,16
202508,time,31370,common_6months,TMST_19,0.58,16
202508,time,31370,common_6months,TMST_20,0.58,16
202508,time,31370,common_6months,TMST_21,0.52,16
202508,time,31370,common_6months,TMST_22,0.43,16
202508,time,31370,common_6months,TMST_23,0.2,16
202509,time,31370,all_observed,TMST_00,0.03,16
202509,time,31370,all_observed,TMST_01,0.06,16
202509,time,31370,all_observed,TMST_02,0.06,16
202509,time,31370,all_observed,TMST_03,0.06,16
202509,time,31370,all_observed,TMST_04,0.03,16
202509,time,31370,all_observed,TMST_05,0.08,16
202509,time,31370,all_observed,TMST_06,0.35,16
202509,time,31370,all_observed,TMST_07,1.1500000000000001,16
202509,time,31370,all_observed,TMST_08,1.2400000000000002,16
202509,time,31370,all_observed,TMST_09,1.1400000000000001,16
202509,time,31370,all_observed,TMST_10,1.2000000000000002,16
202509,time,31370,all_observed,TMST_11,1.31,16
202509,time,31370,all_observed,TMST_12,1.15,16
202509,time,31370,all_observed,TMST_13,1.2400000000000002,16
202509,time,31370,all_observed,TMST_14,1.04,16
202509,time,31370,all_observed,TMST_15,1.02,16
202509,time,31370,all_observed,TMST_16,0.76,16
202509,time,31370,all_observed,TMST_17,0.76,16
202509,time,31370,all_observed,TMST_18,0.46,16
202509,time,31370,all_observed,TMST_19,0.38,16
202509,time,31370,all_observed,TMST_20,0.38,16
202509,time,31370,all_observed,TMST_21,0.35,16
202509,time,31370,all_observed,TMST_22,0.15,16
202509,time,31370,all_observed,TMST_23,0.12,16
202509,time,31370,common_6months,TMST_00,0.03,16
202509,time,31370,common_6months,TMST_01,0.06,16
202509,time,31370,common_6months,TMST_02,0.06,16
202509,time,31370,common_6months,TMST_03,0.06,16
202509,time,31370,common_6months,TMST_04,0.03,16
202509,time,31370,common_6months,TMST_05,0.08,16
202509,time,31370,common_6months,TMST_06,0.35,16
202509,time,31370,common_6months,TMST_07,1.1500000000000001,16
202509,time,31370,common_6months,TMST_08,1.2400000000000002,16
202509,time,31370,common_6months,TMST_09,1.1400000000000001,16
202509,time,31370,common_6months,TMST_10,1.2000000000000002,16
202509,time,31370,common_6months,TMST_11,1.31,16
202509,time,31370,common_6months,TMST_12,1.15,16
202509,time,31370,common_6months,TMST_13,1.2400000000000002,16
202509,time,31370,common_6months,TMST_14,1.04,16
202509,time,31370,common_6months,TMST_15,1.02,16
202509,time,31370,common_6months,TMST_16,0.76,16
202509,time,31370,common_6months,TMST_17,0.76,16
202509,time,31370,common_6months,TMST_18,0.46,16
202509,time,31370,common_6months,TMST_19,0.38,16
202509,time,31370,common_6months,TMST_20,0.38,16
202509,time,31370,common_6months,TMST_21,0.35,16
202509,time,31370,common_6months,TMST_22,0.15,16
202509,time,31370,common_6months,TMST_23,0.12,16
202510,time,31370,all_observed,TMST_00,0.12,17
202510,time,31370,all_observed,TMST_01,0.03,17
202510,time,31370,all_observed,TMST_02,0.03,17
202510,time,31370,all_observed,TMST_03,0.03,17
202510,time,31370,all_observed,TMST_04,0.03,17
202510,time,31370,all_observed,TMST_05,0.06,17
202510,time,31370,all_observed,TMST_06,0.22999999999999998,17
202510,time,31370,all_observed,TMST_07,0.9600000000000001,17
202510,time,31370,all_observed,TMST_08,0.99,17
202510,time,31370,all_observed,TMST_09,0.93,17
202510,time,31370,all_observed,TMST_10,1.08,17
202510,time,31370,all_observed,TMST_11,1.26,17
202510,time,31370,all_observed,TMST_12,1.1800000000000002,17
202510,time,31370,all_observed,TMST_13,1.2700000000000002,17
202510,time,31370,all_observed,TMST_14,1.09,17
202510,time,31370,all_observed,TMST_15,0.9199999999999999,17
202510,time,31370,all_observed,TMST_16,0.83,17
202510,time,31370,all_observed,TMST_17,0.72,17
202510,time,31370,all_observed,TMST_18,0.46,17
202510,time,31370,all_observed,TMST_19,0.41,17
202510,time,31370,all_observed,TMST_20,0.39999999999999997,17
202510,time,31370,all_observed,TMST_21,0.39999999999999997,17
202510,time,31370,all_observed,TMST_22,0.26,17
202510,time,31370,all_observed,TMST_23,0.12,17
202510,time,31370,common_6months,TMST_00,0.12,16
202510,time,31370,common_6months,TMST_01,0.03,16
202510,time,31370,common_6months,TMST_02,0.03,16
202510,time,31370,common_6months,TMST_03,0.03,16
202510,time,31370,common_6months,TMST_04,0.03,16
202510,time,31370,common_6months,TMST_05,0.06,16
202510,time,31370,common_6months,TMST_06,0.22999999999999998,16
202510,time,31370,common_6months,TMST_07,0.96,16
202510,time,31370,common_6months,TMST_08,0.99,16
202510,time,31370,common_6months,TMST_09,0.93,16
202510,time,31370,common_6months,TMST_10,1.05,16
202510,time,31370,common_6months,TMST_11,1.23,16
202510,time,31370,common_6months,TMST_12,1.1500000000000001,16
202510,time,31370,common_6months,TMST_13,1.2400000000000002,16
202510,time,31370,common_6months,TMST_14,1.06,16
202510,time,31370,common_6months,TMST_15,0.8900000000000001,16
202510,time,31370,common_6months,TMST_16,0.8,16
202510,time,31370,common_6months,TMST_17,0.72,16
202510,time,31370,common_6months,TMST_18,0.46,16
202510,time,31370,common_6months,TMST_19,0.41000000000000003,16
202510,time,31370,common_6months,TMST_20,0.4,16
202510,time,31370,common_6months,TMST_21,0.4,16
202510,time,31370,common_6months,TMST_22,0.26,16
202510,time,31370,common_6months,TMST_23,0.12,16
202511,time,31370,all_observed,TMST_00,0.03,17
202511,time,31370,all_observed,TMST_01,0.03,17
202511,time,31370,all_observed,TMST_02,0.03,17
202511,time,31370,all_observed,TMST_03,0.03,17
202511,time,31370,all_observed,TMST_04,0.03,17
202511,time,31370,all_observed,TMST_05,0.03,17
202511,time,31370,all_observed,TMST_06,0.12,17
202511,time,31370,all_observed,TMST_07,0.73,17
202511,time,31370,all_observed,TMST_08,0.68,17
202511,time,31370,all_observed,TMST_09,0.66,17
202511,time,31370,all_observed,TMST_10,0.7100000000000001,17
202511,time,31370,all_observed,TMST_11,0.77,17
202511,time,31370,all_observed,TMST_12,0.76,17
202511,time,31370,all_observed,TMST_13,0.8500000000000001,17
202511,time,31370,all_observed,TMST_14,0.7400000000000001,17
202511,time,31370,all_observed,TMST_15,0.6900000000000001,17
202511,time,31370,all_observed,TMST_16,0.6000000000000001,17
202511,time,31370,all_observed,TMST_17,0.5700000000000001,17
202511,time,31370,all_observed,TMST_18,0.37999999999999995,17
202511,time,31370,all_observed,TMST_19,0.37999999999999995,17
202511,time,31370,all_observed,TMST_20,0.35,17
202511,time,31370,all_observed,TMST_21,0.30000000000000004,17
202511,time,31370,all_observed,TMST_22,0.12,17
202511,time,31370,all_observed,TMST_23,0.06,17
202511,time,31370,common_6months,TMST_00,0.03,16
202511,time,31370,common_6months,TMST_01,0.03,16
202511,time,31370,common_6months,TMST_02,0.03,16
202511,time,31370,common_6months,TMST_03,0.03,16
202511,time,31370,common_6months,TMST_04,0.03,16
202511,time,31370,common_6months,TMST_05,0.03,16
202511,time,31370,common_6months,TMST_06,0.12,16
202511,time,31370,common_6months,TMST_07,0.7300000000000001,16
202511,time,31370,common_6months,TMST_08,0.68,16
202511,time,31370,common_6months,TMST_09,0.6599999999999999,16
202511,time,31370,common_6months,TMST_10,0.71,16
202511,time,31370,common_6months,TMST_11,0.77,16
202511,time,31370,common_6months,TMST_12,0.76,16
202511,time,31370,common_6months,TMST_13,0.8200000000000001,16
202511,time,31370,common_6months,TMST_14,0.71,16
202511,time,31370,common_6months,TMST_15,0.69,16
202511,time,31370,common_6months,TMST_16,0.6,16
202511,time,31370,common_6months,TMST_17,0.57,16
202511,time,31370,common_6months,TMST_18,0.38,16
202511,time,31370,common_6months,TMST_19,0.38,16
202511,time,31370,common_6months,TMST_20,0.35,16
202511,time,31370,common_6months,TMST_21,0.3,16
202511,time,31370,common_6months,TMST_22,0.12,16
202511,time,31370,common_6months,TMST_23,0.06,16
202512,time,31370,all_observed,TMST_00,0.03,16
202512,time,31370,all_observed,TMST_01,0.03,16
202512,time,31370,all_observed,TMST_02,0.03,16
202512,time,31370,all_observed,TMST_03,0.03,16
202512,time,31370,all_observed,TMST_04,0.03,16
202512,time,31370,all_observed,TMST_05,0.03,16
202512,time,31370,all_observed,TMST_06,0.09,16
202512,time,31370,all_observed,TMST_07,0.6900000000000001,16
202512,time,31370,all_observed,TMST_08,0.6400000000000001,16
202512,time,31370,all_observed,TMST_09,0.5,16
202512,time,31370,all_observed,TMST_10,0.6200000000000001,16
202512,time,31370,all_observed,TMST_11,0.64,16
202512,time,31370,all_observed,TMST_12,0.47000000000000003,16
202512,time,31370,all_observed,TMST_13,0.71,16
202512,time,31370,all_observed,TMST_14,0.6499999999999999,16
202512,time,31370,all_observed,TMST_15,0.6499999999999999,16
202512,time,31370,all_observed,TMST_16,0.5,16
202512,time,31370,all_observed,TMST_17,0.47,16
202512,time,31370,all_observed,TMST_18,0.4,16
202512,time,31370,all_observed,TMST_19,0.31999999999999995,16
202512,time,31370,all_observed,TMST_20,0.27999999999999997,16
202512,time,31370,all_observed,TMST_21,0.3,16
202512,time,31370,all_observed,TMST_22,0.09,16
202512,time,31370,all_observed,TMST_23,0.06,16
202512,time,31370,common_6months,TMST_00,0.03,16
202512,time,31370,common_6months,TMST_01,0.03,16
202512,time,31370,common_6months,TMST_02,0.03,16
202512,time,31370,common_6months,TMST_03,0.03,16
202512,time,31370,common_6months,TMST_04,0.03,16
202512,time,31370,common_6months,TMST_05,0.03,16
202512,time,31370,common_6months,TMST_06,0.09,16
202512,time,31370,common_6months,TMST_07,0.6900000000000001,16
202512,time,31370,common_6months,TMST_08,0.6400000000000001,16
202512,time,31370,common_6months,TMST_09,0.5,16
202512,time,31370,common_6months,TMST_10,0.6200000000000001,16
202512,time,31370,common_6months,TMST_11,0.64,16
202512,time,31370,common_6months,TMST_12,0.47000000000000003,16
202512,time,31370,common_6months,TMST_13,0.71,16
202512,time,31370,common_6months,TMST_14,0.6499999999999999,16
202512,time,31370,common_6months,TMST_15,0.6499999999999999,16
202512,time,31370,common_6months,TMST_16,0.5,16
202512,time,31370,common_6months,TMST_17,0.47,16
202512,time,31370,common_6months,TMST_18,0.4,16
202512,time,31370,common_6months,TMST_19,0.31999999999999995,16
202512,time,31370,common_6months,TMST_20,0.27999999999999997,16
202512,time,31370,common_6months,TMST_21,0.3,16
202512,time,31370,common_6months,TMST_22,0.09,16
202512,time,31370,common_6months,TMST_23,0.06,16
202507,time,32010,all_observed,TMST_00,24862.38,78791
202507,time,32010,all_observed,TMST_01,16842.33,78791
202507,time,32010,all_observed,TMST_02,12245.039999999999,78791
202507,time,32010,all_observed,TMST_03,11122.9,78791
202507,time,32010,all_observed,TMST_04,11988.98,78791
202507,time,32010,all_observed,TMST_05,20160.85,78791
202507,time,32010,all_observed,TMST_06,35792.3,78791
202507,time,32010,all_observed,TMST_07,60757.0,78791
202507,time,32010,all_observed,TMST_08,106007.97,78791
202507,time,32010,all_observed,TMST_09,97086.73000000001,78791
202507,time,32010,all_observed,TMST_10,103128.75999999998,78791
202507,time,32010,all_observed,TMST_11,114562.25,78791
202507,time,32010,all_observed,TMST_12,119567.88,78791
202507,time,32010,all_observed,TMST_13,117641.18,78791
202507,time,32010,all_observed,TMST_14,114909.34,78791
202507,time,32010,all_observed,TMST_15,117174.61,78791
202507,time,32010,all_observed,TMST_16,120460.11,78791
202507,time,32010,all_observed,TMST_17,125806.11000000002,78791
202507,time,32010,all_observed,TMST_18,128218.07,78791
202507,time,32010,all_observed,TMST_19,99106.17,78791
202507,time,32010,all_observed,TMST_20,87339.37,78791
202507,time,32010,all_observed,TMST_21,71238.89,78791
202507,time,32010,all_observed,TMST_22,49894.55,78791
202507,time,32010,all_observed,TMST_23,33520.92,78791
202507,time,32010,common_6months,TMST_00,24779.69,66613
202507,time,32010,common_6months,TMST_01,16791.75,66613
202507,time,32010,common_6months,TMST_02,12211.85,66613
202507,time,32010,common_6months,TMST_03,11089.439999999999,66613
202507,time,32010,common_6months,TMST_04,11920.89,66613
202507,time,32010,common_6months,TMST_05,19985.34,66613
202507,time,32010,common_6months,TMST_06,35430.79,66613
202507,time,32010,common_6months,TMST_07,60153.37999999999,66613
202507,time,32010,common_6months,TMST_08,105189.95999999999,66613
202507,time,32010,common_6months,TMST_09,96270.29,66613
202507,time,32010,common_6months,TMST_10,102223.54,66613
202507,time,32010,common_6months,TMST_11,113580.48000000001,66613
202507,time,32010,common_6months,TMST_12,118629.94,66613
202507,time,32010,common_6months,TMST_13,116671.86,66613
202507,time,32010,common_6months,TMST_14,113953.72,66613
202507,time,32010,common_6months,TMST_15,116230.04000000001,66613
202507,time,32010,common_6months,TMST_16,119519.4,66613
202507,time,32010,common_6months,TMST_17,124866.88,66613
202507,time,32010,common_6months,TMST_18,127329.81,66613
202507,time,32010,common_6months,TMST_19,98556.88,66613
202507,time,32010,common_6months,TMST_20,86897.56999999999,66613
202507,time,32010,common_6months,TMST_21,70908.92,66613
202507,time,32010,common_6months,TMST_22,49685.68,66613
202507,time,32010,common_6months,TMST_23,33392.45,66613
202508,time,32010,all_observed,TMST_00,27495.739999999998,80015
202508,time,32010,all_observed,TMST_01,19189.739999999998,80015
202508,time,32010,all_observed,TMST_02,13696.810000000001,80015
202508,time,32010,all_observed,TMST_03,12489.91,80015
202508,time,32010,all_observed,TMST_04,12682.79,80015
202508,time,32010,all_observed,TMST_05,20262.25,80015
202508,time,32010,all_observed,TMST_06,36379.53999999999,80015
202508,time,32010,all_observed,TMST_07,59400.34,80015
202508,time,32010,all_observed,TMST_08,100259.31999999999,80015
202508,time,32010,all_observed,TMST_09,98728.65,80015
202508,time,32010,all_observed,TMST_10,107709.65,80015
202508,time,32010,all_observed,TMST_11,119009.9,80015
202508,time,32010,all_observed,TMST_12,123797.06,80015
202508,time,32010,all_observed,TMST_13,121594.61000000002,80015
202508,time,32010,all_observed,TMST_14,119312.44999999998,80015
202508,time,32010,all_observed,TMST_15,121750.97000000002,80015
202508,time,32010,all_observed,TMST_16,126005.43,80015
202508,time,32010,all_observed,TMST_17,129534.41,80015
202508,time,32010,all_observed,TMST_18,132017.65,80015
202508,time,32010,all_observed,TMST_19,105805.97,80015
202508,time,32010,all_observed,TMST_20,91565.73,80015
202508,time,32010,all_observed,TMST_21,74906.83,80015
202508,time,32010,all_observed,TMST_22,53488.05,80015
202508,time,32010,all_observed,TMST_23,36690.05,80015
202508,time,32010,common_6months,TMST_00,27392.250000000007,66613
202508,time,32010,common_6months,TMST_01,19129.73,66613
202508,time,32010,common_6months,TMST_02,13655.779999999999,66613
202508,time,32010,common_6months,TMST_03,12448.099999999999,66613
202508,time,32010,common_6months,TMST_04,12615.33,66613
202508,time,32010,common_6months,TMST_05,20088.22,66613
202508,time,32010,common_6months,TMST_06,35996.1,66613
202508,time,32010,common_6months,TMST_07,58766.67,66613
202508,time,32010,common_6months,TMST_08,99390.53,66613
202508,time,32010,common_6months,TMST_09,97797.26999999999,66613
202508,time,32010,common_6months,TMST_10,106634.97,66613
202508,time,32010,common_6months,TMST_11,117840.76,66613
202508,time,32010,common_6months,TMST_12,122687.09,66613
202508,time,32010,common_6months,TMST_13,120456.93,66613
202508,time,32010,common_6months,TMST_14,118168.8,66613
202508,time,32010,common_6months,TMST_15,120633.76,66613
202508,time,32010,common_6months,TMST_16,124902.88,66613
202508,time,32010,common_6months,TMST_17,128466.91999999998,66613
202508,time,32010,common_6months,TMST_18,131023.15000000001,66613
202508,time,32010,common_6months,TMST_19,105165.48000000001,66613
202508,time,32010,common_6months,TMST_20,91067.34000000001,66613
202508,time,32010,common_6months,TMST_21,74530.06999999999,66613
202508,time,32010,common_6months,TMST_22,53240.29,66613
202508,time,32010,common_6months,TMST_23,36535.97,66613
202509,time,32010,all_observed,TMST_00,27915.34,79678
202509,time,32010,all_observed,TMST_01,18318.68,79678
202509,time,32010,all_observed,TMST_02,13176.86,79678
202509,time,32010,all_observed,TMST_03,11804.119999999999,79678
202509,time,32010,all_observed,TMST_04,12045.1,79678
202509,time,32010,all_observed,TMST_05,18456.480000000003,79678
202509,time,32010,all_observed,TMST_06,34862.79,79678
202509,time,32010,all_observed,TMST_07,65066.82,79678
202509,time,32010,all_observed,TMST_08,120303.15,79678
202509,time,32010,all_observed,TMST_09,102802.43000000001,79678
202509,time,32010,all_observed,TMST_10,110093.01999999999,79678
202509,time,32010,all_observed,TMST_11,120436.35,79678
202509,time,32010,all_observed,TMST_12,126652.62999999999,79678
202509,time,32010,all_observed,TMST_13,126031.01000000001,79678
202509,time,32010,all_observed,TMST_14,126915.28,79678
202509,time,32010,all_observed,TMST_15,132499.52000000002,79678
202509,time,32010,all_observed,TMST_16,138792.93,79678
202509,time,32010,all_observed,TMST_17,141738.79,79678
202509,time,32010,all_observed,TMST_18,142056.03,79678
202509,time,32010,all_observed,TMST_19,108457.04999999999,79678
202509,time,32010,all_observed,TMST_20,91441.32999999999,79678
202509,time,32010,all_observed,TMST_21,75681.39,79678
202509,time,32010,all_observed,TMST_22,54664.78,79678
202509,time,32010,all_observed,TMST_23,37507.64000000001,79678
202509,time,32010,common_6months,TMST_00,27837.599999999995,66613
202509,time,32010,common_6months,TMST_01,18273.56,66613
202509,time,32010,common_6months,TMST_02,13143.14,66613
202509,time,32010,common_6months,TMST_03,11769.2,66613
202509,time,32010,common_6months,TMST_04,11985.339999999998,66613
202509,time,32010,common_6months,TMST_05,18291.77,66613
202509,time,32010,common_6months,TMST_06,34441.93,66613
202509,time,32010,common_6months,TMST_07,64306.24999999999,66613
202509,time,32010,common_6months,TMST_08,119284.23999999999,66613
202509,time,32010,common_6months,TMST_09,101784.86000000002,66613
202509,time,32010,common_6months,TMST_10,108993.39000000001,66613
202509,time,32010,common_6months,TMST_11,119286.29000000001,66613
202509,time,32010,common_6months,TMST_12,125538.65000000002,66613
202509,time,32010,common_6months,TMST_13,124892.97,66613
202509,time,32010,common_6months,TMST_14,125771.74,66613
202509,time,32010,common_6months,TMST_15,131364.09,66613
202509,time,32010,common_6months,TMST_16,137680.13,66613
202509,time,32010,common_6months,TMST_17,140644.59999999998,66613
202509,time,32010,common_6months,TMST_18,141057.57,66613
202509,time,32010,common_6months,TMST_19,107869.83,66613
202509,time,32010,common_6months,TMST_20,90995.88,66613
202509,time,32010,common_6months,TMST_21,75341.84,66613
202509,time,32010,common_6months,TMST_22,54452.54,66613
202509,time,32010,common_6months,TMST_23,37378.37,66613
202510,time,32010,all_observed,TMST_00,26687.23,82436
202510,time,32010,all_observed,TMST_01,18303.43,82436
202510,time,32010,all_observed,TMST_02,13456.08,82436
202510,time,32010,all_observed,TMST_03,11910.820000000002,82436
202510,time,32010,all_observed,TMST_04,11763.76,82436
202510,time,32010,all_observed,TMST_05,16773.41,82436
202510,time,32010,all_observed,TMST_06,30587.49,82436
202510,time,32010,all_observed,TMST_07,57843.53,82436
202510,time,32010,all_observed,TMST_08,104450.73000000001,82436
202510,time,32010,all_observed,TMST_09,98951.73000000001,82436
202510,time,32010,all_observed,TMST_10,109756.90000000001,82436
202510,time,32010,all_observed,TMST_11,121041.84,82436
202510,time,32010,all_observed,TMST_12,127494.04000000001,82436
202510,time,32010,all_observed,TMST_13,128438.63,82436
202510,time,32010,all_observed,TMST_14,129765.15999999999,82436
202510,time,32010,all_observed,TMST_15,133372.18000000002,82436
202510,time,32010,all_observed,TMST_16,136781.35,82436
202510,time,32010,all_observed,TMST_17,138598.25,82436
202510,time,32010,all_observed,TMST_18,133738.40000000002,82436
202510,time,32010,all_observed,TMST_19,100802.97,82436
202510,time,32010,all_observed,TMST_20,85641.77,82436
202510,time,32010,all_observed,TMST_21,70330.58,82436
202510,time,32010,all_observed,TMST_22,50656.46,82436
202510,time,32010,all_observed,TMST_23,35331.23,82436
202510,time,32010,common_6months,TMST_00,26598.75,66613
202510,time,32010,common_6months,TMST_01,18249.81,66613
202510,time,32010,common_6months,TMST_02,13416.81,66613
202510,time,32010,common_6months,TMST_03,11871.69,66613
202510,time,32010,common_6months,TMST_04,11704.01,66613
202510,time,32010,common_6months,TMST_05,16624.02,66613
202510,time,32010,common_6months,TMST_06,30201.57,66613
202510,time,32010,common_6months,TMST_07,57103.96,66613
202510,time,32010,common_6months,TMST_08,103409.56999999999,66613
202510,time,32010,common_6months,TMST_09,97794.59,66613
202510,time,32010,common_6months,TMST_10,108413.32999999999,66613
202510,time,32010,common_6months,TMST_11,119598.19,66613
202510,time,32010,common_6months,TMST_12,126080.97,66613
202510,time,32010,common_6months,TMST_13,126986.50999999998,66613
202510,time,32010,common_6months,TMST_14,128304.34,66613
202510,time,32010,common_6months,TMST_15,131917.24,66613
202510,time,32010,common_6months,TMST_16,135402.34999999998,66613
202510,time,32010,common_6months,TMST_17,137329.13,66613
202510,time,32010,common_6months,TMST_18,132664.26,66613
202510,time,32010,common_6months,TMST_19,100168.27,66613
202510,time,32010,common_6months,TMST_20,85145.82,66613
202510,time,32010,common_6months,TMST_21,69939.70000000001,66613
202510,time,32010,common_6months,TMST_22,50418.19,66613
202510,time,32010,common_6months,TMST_23,35183.56,66613
202511,time,32010,all_observed,TMST_00,26145.91,80351
202511,time,32010,all_observed,TMST_01,17789.81,80351
202511,time,32010,all_observed,TMST_02,13075.81,80351
202511,time,32010,all_observed,TMST_03,11528.36,80351
202511,time,32010,all_observed,TMST_04,11381.789999999999,80351
202511,time,32010,all_observed,TMST_05,16299.04,80351
202511,time,32010,all_observed,TMST_06,29401.239999999998,80351
202511,time,32010,all_observed,TMST_07,57496.49,80351
202511,time,32010,all_observed,TMST_08,109710.06999999999,80351
202511,time,32010,all_observed,TMST_09,99318.40000000001,80351
202511,time,32010,all_observed,TMST_10,108451.6,80351
202511,time,32010,all_observed,TMST_11,118413.29999999999,80351
202511,time,32010,all_observed,TMST_12,125377.41,80351
202511,time,32010,all_observed,TMST_13,126734.93999999999,80351
202511,time,32010,all_observed,TMST_14,127731.97000000002,80351
202511,time,32010,all_observed,TMST_15,132420.88999999998,80351
202511,time,32010,all_observed,TMST_16,137228.37,80351
202511,time,32010,all_observed,TMST_17,138927.27,80351
202511,time,32010,all_observed,TMST_18,129857.54000000001,80351
202511,time,32010,all_observed,TMST_19,96261.45,80351
202511,time,32010,all_observed,TMST_20,81292.51000000001,80351
202511,time,32010,all_observed,TMST_21,66611.45,80351
202511,time,32010,all_observed,TMST_22,48657.23000000001,80351
202511,time,32010,all_observed,TMST_23,34074.11,80351
202511,time,32010,common_6months,TMST_00,25998.359999999997,66613
202511,time,32010,common_6months,TMST_01,17694.84,66613
202511,time,32010,common_6months,TMST_02,13010.279999999999,66613
202511,time,32010,common_6months,TMST_03,11465.539999999999,66613
202511,time,32010,common_6months,TMST_04,11292.38,66613
202511,time,32010,common_6months,TMST_05,16054.02,66613
202511,time,32010,common_6months,TMST_06,28767.630000000005,66613
202511,time,32010,common_6months,TMST_07,56282.08,66613
202511,time,32010,common_6months,TMST_08,108061.65,66613
202511,time,32010,common_6months,TMST_09,97621.79000000001,66613
202511,time,32010,common_6months,TMST_10,106599.29,66613
202511,time,32010,common_6months,TMST_11,116387.98000000001,66613
202511,time,32010,common_6months,TMST_12,123331.65000000001,66613
202511,time,32010,common_6months,TMST_13,124638.95999999999,66613
202511,time,32010,common_6months,TMST_14,125585.85,66613
202511,time,32010,common_6months,TMST_15,130254.38,66613
202511,time,32010,common_6months,TMST_16,135081.56,66613
202511,time,32010,common_6months,TMST_17,136929.94,66613
202511,time,32010,common_6months,TMST_18,128177.48999999999,66613
202511,time,32010,common_6months,TMST_19,95226.62,66613
202511,time,32010,common_6months,TMST_20,80492.38,66613
202511,time,32010,common_6months,TMST_21,65980.67,66613
202511,time,32010,common_6months,TMST_22,48252.72,66613
202511,time,32010,common_6months,TMST_23,33843.93,66613
202512,time,32010,all_observed,TMST_00,26299.95,77077
202512,time,32010,all_observed,TMST_01,18097.11,77077
202512,time,32010,all_observed,TMST_02,13565.29,77077
202512,time,32010,all_observed,TMST_03,11934.0,77077
202512,time,32010,all_observed,TMST_04,11430.119999999999,77077
202512,time,32010,all_observed,TMST_05,15418.49,77077
202512,time,32010,all_observed,TMST_06,25783.11,77077
202512,time,32010,all_observed,TMST_07,51532.979999999996,77077
202512,time,32010,all_observed,TMST_08,103627.31,77077
202512,time,32010,all_observed,TMST_09,91344.76999999999,77077
202512,time,32010,all_observed,TMST_10,101322.22999999998,77077
202512,time,32010,all_observed,TMST_11,113646.01000000001,77077
202512,time,32010,all_observed,TMST_12,120371.4,77077
202512,time,32010,all_observed,TMST_13,123600.11,77077
202512,time,32010,all_observed,TMST_14,123397.35999999999,77077
202512,time,32010,all_observed,TMST_15,127167.89000000001,77077
202512,time,32010,all_observed,TMST_16,130222.93,77077
202512,time,32010,all_observed,TMST_17,130860.67000000001,77077
202512,time,32010,all_observed,TMST_18,122409.93000000001,77077
202512,time,32010,all_observed,TMST_19,91473.26000000001,77077
202512,time,32010,all_observed,TMST_20,78465.18,77077
202512,time,32010,all_observed,TMST_21,63760.049999999996,77077
202512,time,32010,all_observed,TMST_22,47004.37,77077
202512,time,32010,all_observed,TMST_23,34310.56,77077
202512,time,32010,common_6months,TMST_00,26127.85,66613
202512,time,32010,common_6months,TMST_01,17991.39,66613
202512,time,32010,common_6months,TMST_02,13491.62,66613
202512,time,32010,common_6months,TMST_03,11867.64,66613
202512,time,32010,common_6months,TMST_04,11349.56,66613
202512,time,32010,common_6months,TMST_05,15247.59,66613
202512,time,32010,common_6months,TMST_06,25338.46,66613
202512,time,32010,common_6months,TMST_07,50486.47,66613
202512,time,32010,common_6months,TMST_08,102145.39,66613
202512,time,32010,common_6months,TMST_09,89958.35,66613
202512,time,32010,common_6months,TMST_10,99784.75,66613
202512,time,32010,common_6months,TMST_11,111936.09,66613
202512,time,32010,common_6months,TMST_12,118630.56,66613
202512,time,32010,common_6months,TMST_13,121755.87,66613
202512,time,32010,common_6months,TMST_14,121536.06,66613
202512,time,32010,common_6months,TMST_15,125310.56,66613
202512,time,32010,common_6months,TMST_16,128395.65,66613
202512,time,32010,common_6months,TMST_17,129114.32999999999,66613
202512,time,32010,common_6months,TMST_18,120886.19,66613
202512,time,32010,common_6months,TMST_19,90523.74,66613
202512,time,32010,common_6months,TMST_20,77693.37,66613
202512,time,32010,common_6months,TMST_21,63144.35999999999,66613
202512,time,32010,common_6months,TMST_22,46600.4,66613
202512,time,32010,common_6months,TMST_23,34047.56,66613
202507,time,32310,all_observed,TMST_00,0.36,13
202507,time,32310,all_observed,TMST_01,0.35,13
202507,time,32310,all_observed,TMST_02,0.21000000000000002,13
202507,time,32310,all_observed,TMST_03,0.27,13
202507,time,32310,all_observed,TMST_04,0.27,13
202507,time,32310,all_observed,TMST_05,0.5,13
202507,time,32310,all_observed,TMST_06,0.9999999999999999,13
202507,time,32310,all_observed,TMST_07,1.46,13
202507,time,32310,all_observed,TMST_08,1.85,13
202507,time,32310,all_observed,TMST_09,2.17,13
202507,time,32310,all_observed,TMST_10,2.24,13
202507,time,32310,all_observed,TMST_11,2.27,13
202507,time,32310,all_observed,TMST_12,2.14,13
202507,time,32310,all_observed,TMST_13,2.13,13
202507,time,32310,all_observed,TMST_14,2.24,13
202507,time,32310,all_observed,TMST_15,2.31,13
202507,time,32310,all_observed,TMST_16,2.19,13
202507,time,32310,all_observed,TMST_17,2.1100000000000003,13
202507,time,32310,all_observed,TMST_18,1.9200000000000002,13
202507,time,32310,all_observed,TMST_19,1.62,13
202507,time,32310,all_observed,TMST_20,1.3500000000000003,13
202507,time,32310,all_observed,TMST_21,1.11,13
202507,time,32310,all_observed,TMST_22,0.77,13
202507,time,32310,all_observed,TMST_23,0.55,13
202507,time,32310,common_6months,TMST_00,0.36,11
202507,time,32310,common_6months,TMST_01,0.35,11
202507,time,32310,common_6months,TMST_02,0.21000000000000002,11
202507,time,32310,common_6months,TMST_03,0.27,11
202507,time,32310,common_6months,TMST_04,0.27,11
202507,time,32310,common_6months,TMST_05,0.5,11
202507,time,32310,common_6months,TMST_06,0.97,11
202507,time,32310,common_6months,TMST_07,1.41,11
202507,time,32310,common_6months,TMST_08,1.77,11
202507,time,32310,common_6months,TMST_09,2.09,11
202507,time,32310,common_6months,TMST_10,2.16,11
202507,time,32310,common_6months,TMST_11,2.19,11
202507,time,32310,common_6months,TMST_12,2.06,11
202507,time,32310,common_6months,TMST_13,2.05,11
202507,time,32310,common_6months,TMST_14,2.1300000000000003,11
202507,time,32310,common_6months,TMST_15,2.2,11
202507,time,32310,common_6months,TMST_16,2.1100000000000003,11
202507,time,32310,common_6months,TMST_17,2.03,11
202507,time,32310,common_6months,TMST_18,1.84,11
202507,time,32310,common_6months,TMST_19,1.5900000000000003,11
202507,time,32310,common_6months,TMST_20,1.32,11
202507,time,32310,common_6months,TMST_21,1.08,11
202507,time,32310,common_6months,TMST_22,0.7700000000000001,11
202507,time,32310,common_6months,TMST_23,0.55,11
202508,time,32310,all_observed,TMST_00,0.5,14
202508,time,32310,all_observed,TMST_01,0.44000000000000006,14
202508,time,32310,all_observed,TMST_02,0.26,14
202508,time,32310,all_observed,TMST_03,0.26,14
202508,time,32310,all_observed,TMST_04,0.31000000000000005,14
202508,time,32310,all_observed,TMST_05,0.5900000000000001,14
202508,time,32310,all_observed,TMST_06,0.97,14
202508,time,32310,all_observed,TMST_07,1.51,14
202508,time,32310,all_observed,TMST_08,2.03,14
202508,time,32310,all_observed,TMST_09,2.28,14
202508,time,32310,all_observed,TMST_10,2.4699999999999998,14
202508,time,32310,all_observed,TMST_11,2.5999999999999996,14
202508,time,32310,all_observed,TMST_12,2.36,14
202508,time,32310,all_observed,TMST_13,2.4199999999999995,14
202508,time,32310,all_observed,TMST_14,2.4499999999999997,14
202508,time,32310,all_observed,TMST_15,2.43,14
202508,time,32310,all_observed,TMST_16,2.42,14
202508,time,32310,all_observed,TMST_17,2.29,14
202508,time,32310,all_observed,TMST_18,2.0799999999999996,14
202508,time,32310,all_observed,TMST_19,1.81,14
202508,time,32310,all_observed,TMST_20,1.5400000000000003,14
202508,time,32310,all_observed,TMST_21,1.2000000000000002,14
202508,time,32310,all_observed,TMST_22,0.8500000000000001,14
202508,time,32310,all_observed,TMST_23,0.6300000000000001,14
202508,time,32310,common_6months,TMST_00,0.5,11
202508,time,32310,common_6months,TMST_01,0.44000000000000006,11
202508,time,32310,common_6months,TMST_02,0.26,11
202508,time,32310,common_6months,TMST_03,0.26,11
202508,time,32310,common_6months,TMST_04,0.31000000000000005,11
202508,time,32310,common_6months,TMST_05,0.5900000000000001,11
202508,time,32310,common_6months,TMST_06,0.9400000000000001,11
202508,time,32310,common_6months,TMST_07,1.46,11
202508,time,32310,common_6months,TMST_08,1.9500000000000002,11
202508,time,32310,common_6months,TMST_09,2.1999999999999997,11
202508,time,32310,common_6months,TMST_10,2.3899999999999997,11
202508,time,32310,common_6months,TMST_11,2.4899999999999998,11
202508,time,32310,common_6months,TMST_12,2.25,11
202508,time,32310,common_6months,TMST_13,2.31,11
202508,time,32310,common_6months,TMST_14,2.3099999999999996,11
202508,time,32310,common_6months,TMST_15,2.35,11
202508,time,32310,common_6months,TMST_16,2.3400000000000003,11
202508,time,32310,common_6months,TMST_17,2.21,11
202508,time,32310,common_6months,TMST_18,2.0,11
202508,time,32310,common_6months,TMST_19,1.75,11
202508,time,32310,common_6months,TMST_20,1.4800000000000002,11
202508,time,32310,common_6months,TMST_21,1.1400000000000001,11
202508,time,32310,common_6months,TMST_22,0.8500000000000001,11
202508,time,32310,common_6months,TMST_23,0.6300000000000001,11
202509,time,32310,all_observed,TMST_00,0.29000000000000004,13
202509,time,32310,all_observed,TMST_01,0.26,13
202509,time,32310,all_observed,TMST_02,0.16,13
202509,time,32310,all_observed,TMST_03,0.21000000000000002,13
202509,time,32310,all_observed,TMST_04,0.18,13
202509,time,32310,all_observed,TMST_05,0.3800000000000001,13
202509,time,32310,all_observed,TMST_06,0.7500000000000001,13
202509,time,32310,all_observed,TMST_07,1.2799999999999998,13
202509,time,32310,all_observed,TMST_08,1.7200000000000002,13
202509,time,32310,all_observed,TMST_09,1.8300000000000003,13
202509,time,32310,all_observed,TMST_10,1.8800000000000001,13
202509,time,32310,all_observed,TMST_11,1.96,13
202509,time,32310,all_observed,TMST_12,1.85,13
202509,time,32310,all_observed,TMST_13,1.87,13
202509,time,32310,all_observed,TMST_14,1.9000000000000001,13
202509,time,32310,all_observed,TMST_15,1.9900000000000002,13
202509,time,32310,all_observed,TMST_16,1.9300000000000002,13
202509,time,32310,all_observed,TMST_17,1.7800000000000002,13
202509,time,32310,all_observed,TMST_18,1.52,13
202509,time,32310,all_observed,TMST_19,1.2000000000000002,13
202509,time,32310,all_observed,TMST_20,0.9400000000000001,13
202509,time,32310,all_observed,TMST_21,0.78,13
202509,time,32310,all_observed,TMST_22,0.5800000000000001,13
202509,time,32310,all_observed,TMST_23,0.33999999999999997,13
202509,time,32310,common_6months,TMST_00,0.29000000000000004,11
202509,time,32310,common_6months,TMST_01,0.26,11
202509,time,32310,common_6months,TMST_02,0.16,11
202509,time,32310,common_6months,TMST_03,0.21000000000000002,11
202509,time,32310,common_6months,TMST_04,0.18,11
202509,time,32310,common_6months,TMST_05,0.3800000000000001,11
202509,time,32310,common_6months,TMST_06,0.7200000000000001,11
202509,time,32310,common_6months,TMST_07,1.23,11
202509,time,32310,common_6months,TMST_08,1.67,11
202509,time,32310,common_6months,TMST_09,1.7500000000000002,11
202509,time,32310,common_6months,TMST_10,1.8,11
202509,time,32310,common_6months,TMST_11,1.8800000000000001,11
202509,time,32310,common_6months,TMST_12,1.8,11
202509,time,32310,common_6months,TMST_13,1.82,11
202509,time,32310,common_6months,TMST_14,1.85,11
202509,time,32310,common_6months,TMST_15,1.9400000000000002,11
202509,time,32310,common_6months,TMST_16,1.8800000000000001,11
202509,time,32310,common_6months,TMST_17,1.73,11
202509,time,32310,common_6months,TMST_18,1.49,11
202509,time,32310,common_6months,TMST_19,1.1700000000000002,11
202509,time,32310,common_6months,TMST_20,0.9100000000000001,11
202509,time,32310,common_6months,TMST_21,0.7800000000000001,11
202509,time,32310,common_6months,TMST_22,0.55,11
202509,time,32310,common_6months,TMST_23,0.33999999999999997,11
202510,time,32310,all_observed,TMST_00,0.42000000000000004,13
202510,time,32310,all_observed,TMST_01,0.37,13
202510,time,32310,all_observed,TMST_02,0.21000000000000002,13
202510,time,32310,all_observed,TMST_03,0.21000000000000002,13
202510,time,32310,all_observed,TMST_04,0.26,13
202510,time,32310,all_observed,TMST_05,0.33999999999999997,13
202510,time,32310,all_observed,TMST_06,0.7300000000000002,13
202510,time,32310,all_observed,TMST_07,1.2900000000000003,13
202510,time,32310,all_observed,TMST_08,1.8,13
202510,time,32310,all_observed,TMST_09,2.05,13
202510,time,32310,all_observed,TMST_10,2.29,13
202510,time,32310,all_observed,TMST_11,2.3200000000000003,13
202510,time,32310,all_observed,TMST_12,2.3400000000000003,13
202510,time,32310,all_observed,TMST_13,2.3400000000000003,13
202510,time,32310,all_observed,TMST_14,2.33,13
202510,time,32310,all_observed,TMST_15,2.3400000000000003,13
202510,time,32310,all_observed,TMST_16,2.34,13
202510,time,32310,all_observed,TMST_17,2.14,13
202510,time,32310,all_observed,TMST_18,1.85,13
202510,time,32310,all_observed,TMST_19,1.58,13
202510,time,32310,all_observed,TMST_20,1.34,13
202510,time,32310,all_observed,TMST_21,1.01,13
202510,time,32310,all_observed,TMST_22,0.85,13
202510,time,32310,all_observed,TMST_23,0.6200000000000001,13
202510,time,32310,common_6months,TMST_00,0.42000000000000004,11
202510,time,32310,common_6months,TMST_01,0.37,11
202510,time,32310,common_6months,TMST_02,0.21000000000000002,11
202510,time,32310,common_6months,TMST_03,0.21000000000000002,11
202510,time,32310,common_6months,TMST_04,0.26,11
202510,time,32310,common_6months,TMST_05,0.33999999999999997,11
202510,time,32310,common_6months,TMST_06,0.7000000000000002,11
202510,time,32310,common_6months,TMST_07,1.2400000000000002,11
202510,time,32310,common_6months,TMST_08,1.69,11
202510,time,32310,common_6months,TMST_09,1.97,11
202510,time,32310,common_6months,TMST_10,2.1799999999999997,11
202510,time,32310,common_6months,TMST_11,2.21,11
202510,time,32310,common_6months,TMST_12,2.23,11
202510,time,32310,common_6months,TMST_13,2.23,11
202510,time,32310,common_6months,TMST_14,2.25,11
202510,time,32310,common_6months,TMST_15,2.2600000000000002,11
202510,time,32310,common_6months,TMST_16,2.2600000000000002,11
202510,time,32310,common_6months,TMST_17,2.0599999999999996,11
202510,time,32310,common_6months,TMST_18,1.77,11
202510,time,32310,common_6months,TMST_19,1.5200000000000002,11
202510,time,32310,common_6months,TMST_20,1.28,11
202510,time,32310,common_6months,TMST_21,0.9800000000000001,11
202510,time,32310,common_6months,TMST_22,0.8200000000000001,11
202510,time,32310,common_6months,TMST_23,0.62,11
202511,time,32310,all_observed,TMST_00,0.26,12
202511,time,32310,all_observed,TMST_01,0.32000000000000006,12
202511,time,32310,all_observed,TMST_02,0.19,12
202511,time,32310,all_observed,TMST_03,0.19,12
202511,time,32310,all_observed,TMST_04,0.19,12
202511,time,32310,all_observed,TMST_05,0.27,12
202511,time,32310,all_observed,TMST_06,0.37,12
202511,time,32310,all_observed,TMST_07,0.76,12
202511,time,32310,all_observed,TMST_08,1.1400000000000001,12
202511,time,32310,all_observed,TMST_09,1.2200000000000002,12
202511,time,32310,all_observed,TMST_10,1.29,12
202511,time,32310,all_observed,TMST_11,1.31,12
202511,time,32310,all_observed,TMST_12,1.3,12
202511,time,32310,all_observed,TMST_13,1.33,12
202511,time,32310,all_observed,TMST_14,1.32,12
202511,time,32310,all_observed,TMST_15,1.34,12
202511,time,32310,all_observed,TMST_16,1.2600000000000002,12
202511,time,32310,all_observed,TMST_17,1.2200000000000002,12
202511,time,32310,all_observed,TMST_18,1.01,12
202511,time,32310,all_observed,TMST_19,0.83,12
202511,time,32310,all_observed,TMST_20,0.6800000000000002,12
202511,time,32310,all_observed,TMST_21,0.6000000000000001,12
202511,time,32310,all_observed,TMST_22,0.45000000000000007,12
202511,time,32310,all_observed,TMST_23,0.31000000000000005,12
202511,time,32310,common_6months,TMST_00,0.26,11
202511,time,32310,common_6months,TMST_01,0.32,11
202511,time,32310,common_6months,TMST_02,0.19,11
202511,time,32310,common_6months,TMST_03,0.19,11
202511,time,32310,common_6months,TMST_04,0.19,11
202511,time,32310,common_6months,TMST_05,0.27,11
202511,time,32310,common_6months,TMST_06,0.37,11
202511,time,32310,common_6months,TMST_07,0.76,11
202511,time,32310,common_6months,TMST_08,1.11,11
202511,time,32310,common_6months,TMST_09,1.1900000000000002,11
202511,time,32310,common_6months,TMST_10,1.26,11
202511,time,32310,common_6months,TMST_11,1.2800000000000002,11
202511,time,32310,common_6months,TMST_12,1.27,11
202511,time,32310,common_6months,TMST_13,1.3,11
202511,time,32310,common_6months,TMST_14,1.29,11
202511,time,32310,common_6months,TMST_15,1.31,11
202511,time,32310,common_6months,TMST_16,1.2300000000000002,11
202511,time,32310,common_6months,TMST_17,1.1900000000000002,11
202511,time,32310,common_6months,TMST_18,0.9800000000000001,11
202511,time,32310,common_6months,TMST_19,0.83,11
202511,time,32310,common_6months,TMST_20,0.6800000000000002,11
202511,time,32310,common_6months,TMST_21,0.6000000000000001,11
202511,time,32310,common_6months,TMST_22,0.45000000000000007,11
202511,time,32310,common_6months,TMST_23,0.31000000000000005,11
202512,time,32310,all_observed,TMST_00,0.16,11
202512,time,32310,all_observed,TMST_01,0.19,11
202512,time,32310,all_observed,TMST_02,0.11,11
202512,time,32310,all_observed,TMST_03,0.11,11
202512,time,32310,all_observed,TMST_04,0.11,11
202512,time,32310,all_observed,TMST_05,0.14,11
202512,time,32310,all_observed,TMST_06,0.19,11
202512,time,32310,all_observed,TMST_07,0.45000000000000007,11
202512,time,32310,all_observed,TMST_08,0.7400000000000001,11
202512,time,32310,all_observed,TMST_09,0.8400000000000001,11
202512,time,32310,all_observed,TMST_10,0.88,11
202512,time,32310,all_observed,TMST_11,0.91,11
202512,time,32310,all_observed,TMST_12,0.8500000000000002,11
202512,time,32310,all_observed,TMST_13,0.8800000000000002,11
202512,time,32310,all_observed,TMST_14,0.8800000000000001,11
202512,time,32310,all_observed,TMST_15,0.9800000000000001,11
202512,time,32310,all_observed,TMST_16,0.9,11
202512,time,32310,all_observed,TMST_17,0.81,11
202512,time,32310,all_observed,TMST_18,0.7100000000000001,11
202512,time,32310,all_observed,TMST_19,0.5800000000000001,11
202512,time,32310,all_observed,TMST_20,0.47,11
202512,time,32310,all_observed,TMST_21,0.42000000000000004,11
202512,time,32310,all_observed,TMST_22,0.24000000000000002,11
202512,time,32310,all_observed,TMST_23,0.21,11
202512,time,32310,common_6months,TMST_00,0.16,11
202512,time,32310,common_6months,TMST_01,0.19,11
202512,time,32310,common_6months,TMST_02,0.11,11
202512,time,32310,common_6months,TMST_03,0.11,11
202512,time,32310,common_6months,TMST_04,0.11,11
202512,time,32310,common_6months,TMST_05,0.14,11
202512,time,32310,common_6months,TMST_06,0.19,11
202512,time,32310,common_6months,TMST_07,0.45000000000000007,11
202512,time,32310,common_6months,TMST_08,0.7400000000000001,11
202512,time,32310,common_6months,TMST_09,0.8400000000000001,11
202512,time,32310,common_6months,TMST_10,0.88,11
202512,time,32310,common_6months,TMST_11,0.91,11
202512,time,32310,common_6months,TMST_12,0.8500000000000002,11
202512,time,32310,common_6months,TMST_13,0.8800000000000002,11
202512,time,32310,common_6months,TMST_14,0.8800000000000001,11
202512,time,32310,common_6months,TMST_15,0.9800000000000001,11
202512,time,32310,common_6months,TMST_16,0.9,11
202512,time,32310,common_6months,TMST_17,0.81,11
202512,time,32310,common_6months,TMST_18,0.7100000000000001,11
202512,time,32310,common_6months,TMST_19,0.5800000000000001,11
202512,time,32310,common_6months,TMST_20,0.47,11
202512,time,32310,common_6months,TMST_21,0.42000000000000004,11
202512,time,32310,common_6months,TMST_22,0.24000000000000002,11
202512,time,32310,common_6months,TMST_23,0.21,11
202507,time,32370,all_observed,TMST_00,0.16,15
202507,time,32370,all_observed,TMST_01,0.06,15
202507,time,32370,all_observed,TMST_02,0.06,15
202507,time,32370,all_observed,TMST_03,0.06,15
202507,time,32370,all_observed,TMST_04,0.13,15
202507,time,32370,all_observed,TMST_05,0.3,15
202507,time,32370,all_observed,TMST_06,0.6900000000000001,15
202507,time,32370,all_observed,TMST_07,1.19,15
202507,time,32370,all_observed,TMST_08,1.4900000000000002,15
202507,time,32370,all_observed,TMST_09,1.71,15
202507,time,32370,all_observed,TMST_10,1.7199999999999998,15
202507,time,32370,all_observed,TMST_11,1.97,15
202507,time,32370,all_observed,TMST_12,1.7000000000000002,15
202507,time,32370,all_observed,TMST_13,1.79,15
202507,time,32370,all_observed,TMST_14,1.69,15
202507,time,32370,all_observed,TMST_15,1.7899999999999996,15
202507,time,32370,all_observed,TMST_16,1.8499999999999999,15
202507,time,32370,all_observed,TMST_17,1.9200000000000002,15
202507,time,32370,all_observed,TMST_18,1.52,15
202507,time,32370,all_observed,TMST_19,0.9700000000000001,15
202507,time,32370,all_observed,TMST_20,0.77,15
202507,time,32370,all_observed,TMST_21,0.59,15
202507,time,32370,all_observed,TMST_22,0.35000000000000003,15
202507,time,32370,all_observed,TMST_23,0.24,15
202507,time,32370,common_6months,TMST_00,0.13,7
202507,time,32370,common_6months,TMST_01,0.06,7
202507,time,32370,common_6months,TMST_02,0.06,7
202507,time,32370,common_6months,TMST_03,0.06,7
202507,time,32370,common_6months,TMST_04,0.13,7
202507,time,32370,common_6months,TMST_05,0.24,7
202507,time,32370,common_6months,TMST_06,0.5900000000000001,7
202507,time,32370,common_6months,TMST_07,1.0,7
202507,time,32370,common_6months,TMST_08,1.1099999999999999,7
202507,time,32370,common_6months,TMST_09,1.25,7
202507,time,32370,common_6months,TMST_10,1.28,7
202507,time,32370,common_6months,TMST_11,1.43,7
202507,time,32370,common_6months,TMST_12,1.26,7
202507,time,32370,common_6months,TMST_13,1.31,7
202507,time,32370,common_6months,TMST_14,1.23,7
202507,time,32370,common_6months,TMST_15,1.35,7
202507,time,32370,common_6months,TMST_16,1.37,7
202507,time,32370,common_6months,TMST_17,1.38,7
202507,time,32370,common_6months,TMST_18,1.09,7
202507,time,32370,common_6months,TMST_19,0.77,7
202507,time,32370,common_6months,TMST_20,0.61,7
202507,time,32370,common_6months,TMST_21,0.4900000000000001,7
202507,time,32370,common_6months,TMST_22,0.29,7
202507,time,32370,common_6months,TMST_23,0.18,7
202508,time,32370,all_observed,TMST_00,0.19,15
202508,time,32370,all_observed,TMST_01,0.11,15
202508,time,32370,all_observed,TMST_02,0.06,15
202508,time,32370,all_observed,TMST_03,0.06,15
202508,time,32370,all_observed,TMST_04,0.08,15
202508,time,32370,all_observed,TMST_05,0.27,15
202508,time,32370,all_observed,TMST_06,0.64,15
202508,time,32370,all_observed,TMST_07,1.22,15
202508,time,32370,all_observed,TMST_08,1.4300000000000002,15
202508,time,32370,all_observed,TMST_09,1.7599999999999998,15
202508,time,32370,all_observed,TMST_10,1.9699999999999998,15
202508,time,32370,all_observed,TMST_11,2.0500000000000003,15
202508,time,32370,all_observed,TMST_12,1.9699999999999998,15
202508,time,32370,all_observed,TMST_13,1.9699999999999998,15
202508,time,32370,all_observed,TMST_14,2.02,15
202508,time,32370,all_observed,TMST_15,2.02,15
202508,time,32370,all_observed,TMST_16,2.0,15
202508,time,32370,all_observed,TMST_17,1.9900000000000002,15
202508,time,32370,all_observed,TMST_18,1.7400000000000002,15
202508,time,32370,all_observed,TMST_19,1.16,15
202508,time,32370,all_observed,TMST_20,0.86,15
202508,time,32370,all_observed,TMST_21,0.7,15
202508,time,32370,all_observed,TMST_22,0.38999999999999996,15
202508,time,32370,all_observed,TMST_23,0.24,15
202508,time,32370,common_6months,TMST_00,0.13,7
202508,time,32370,common_6months,TMST_01,0.11,7
202508,time,32370,common_6months,TMST_02,0.06,7
202508,time,32370,common_6months,TMST_03,0.06,7
202508,time,32370,common_6months,TMST_04,0.08,7
202508,time,32370,common_6months,TMST_05,0.21000000000000002,7
202508,time,32370,common_6months,TMST_06,0.54,7
202508,time,32370,common_6months,TMST_07,0.99,7
202508,time,32370,common_6months,TMST_08,1.05,7
202508,time,32370,common_6months,TMST_09,1.28,7
202508,time,32370,common_6months,TMST_10,1.46,7
202508,time,32370,common_6months,TMST_11,1.51,7
202508,time,32370,common_6months,TMST_12,1.46,7
202508,time,32370,common_6months,TMST_13,1.4300000000000002,7
202508,time,32370,common_6months,TMST_14,1.44,7
202508,time,32370,common_6months,TMST_15,1.44,7
202508,time,32370,common_6months,TMST_16,1.4200000000000002,7
202508,time,32370,common_6months,TMST_17,1.4100000000000001,7
202508,time,32370,common_6months,TMST_18,1.2000000000000002,7
202508,time,32370,common_6months,TMST_19,0.8599999999999999,7
202508,time,32370,common_6months,TMST_20,0.66,7
202508,time,32370,common_6months,TMST_21,0.54,7
202508,time,32370,common_6months,TMST_22,0.29,7
202508,time,32370,common_6months,TMST_23,0.18,7
202509,time,32370,all_observed,TMST_00,0.14,15
202509,time,32370,all_observed,TMST_01,0.09,15
202509,time,32370,all_observed,TMST_02,0.06,15
202509,time,32370,all_observed,TMST_03,0.06,15
202509,time,32370,all_observed,TMST_04,0.11,15
202509,time,32370,all_observed,TMST_05,0.27,15
202509,time,32370,all_observed,TMST_06,0.52,15
202509,time,32370,all_observed,TMST_07,1.31,15
202509,time,32370,all_observed,TMST_08,1.5300000000000002,15
202509,time,32370,all_observed,TMST_09,1.7599999999999998,15
202509,time,32370,all_observed,TMST_10,1.6600000000000001,15
202509,time,32370,all_observed,TMST_11,1.8499999999999996,15
202509,time,32370,all_observed,TMST_12,1.7199999999999998,15
202509,time,32370,all_observed,TMST_13,1.71,15
202509,time,32370,all_observed,TMST_14,1.6800000000000002,15
202509,time,32370,all_observed,TMST_15,1.71,15
202509,time,32370,all_observed,TMST_16,1.6400000000000001,15
202509,time,32370,all_observed,TMST_17,1.6800000000000002,15
202509,time,32370,all_observed,TMST_18,1.4,15
202509,time,32370,all_observed,TMST_19,0.8200000000000001,15
202509,time,32370,all_observed,TMST_20,0.57,15
202509,time,32370,all_observed,TMST_21,0.45000000000000007,15
202509,time,32370,all_observed,TMST_22,0.33,15
202509,time,32370,all_observed,TMST_23,0.19,15
202509,time,32370,common_6months,TMST_00,0.11,7
202509,time,32370,common_6months,TMST_01,0.09,7
202509,time,32370,common_6months,TMST_02,0.06,7
202509,time,32370,common_6months,TMST_03,0.06,7
202509,time,32370,common_6months,TMST_04,0.11,7
202509,time,32370,common_6months,TMST_05,0.21000000000000002,7
202509,time,32370,common_6months,TMST_06,0.45999999999999996,7
202509,time,32370,common_6months,TMST_07,0.99,7
202509,time,32370,common_6months,TMST_08,1.1199999999999999,7
202509,time,32370,common_6months,TMST_09,1.28,7
202509,time,32370,common_6months,TMST_10,1.22,7
202509,time,32370,common_6months,TMST_11,1.35,7
202509,time,32370,common_6months,TMST_12,1.28,7
202509,time,32370,common_6months,TMST_13,1.23,7
202509,time,32370,common_6months,TMST_14,1.2,7
202509,time,32370,common_6months,TMST_15,1.23,7
202509,time,32370,common_6months,TMST_16,1.18,7
202509,time,32370,common_6months,TMST_17,1.2000000000000002,7
202509,time,32370,common_6months,TMST_18,1.02,7
202509,time,32370,common_6months,TMST_19,0.66,7
202509,time,32370,common_6months,TMST_20,0.4700000000000001,7
202509,time,32370,common_6months,TMST_21,0.39,7
202509,time,32370,common_6months,TMST_22,0.27,7
202509,time,32370,common_6months,TMST_23,0.13,7
202510,time,32370,all_observed,TMST_00,0.13,15
202510,time,32370,all_observed,TMST_01,0.08,15
202510,time,32370,all_observed,TMST_02,0.06,15
202510,time,32370,all_observed,TMST_03,0.06,15
202510,time,32370,all_observed,TMST_04,0.06,15
202510,time,32370,all_observed,TMST_05,0.15000000000000002,15
202510,time,32370,all_observed,TMST_06,0.5,15
202510,time,32370,all_observed,TMST_07,1.17,15
202510,time,32370,all_observed,TMST_08,1.5500000000000003,15
202510,time,32370,all_observed,TMST_09,1.7899999999999996,15
202510,time,32370,all_observed,TMST_10,1.8199999999999998,15
202510,time,32370,all_observed,TMST_11,1.99,15
202510,time,32370,all_observed,TMST_12,1.9099999999999997,15
202510,time,32370,all_observed,TMST_13,1.9299999999999997,15
202510,time,32370,all_observed,TMST_14,1.9199999999999995,15
202510,time,32370,all_observed,TMST_15,1.97,15
202510,time,32370,all_observed,TMST_16,1.99,15
202510,time,32370,all_observed,TMST_17,1.8399999999999999,15
202510,time,32370,all_observed,TMST_18,1.4500000000000002,15
202510,time,32370,all_observed,TMST_19,0.88,15
202510,time,32370,all_observed,TMST_20,0.67,15
202510,time,32370,all_observed,TMST_21,0.52,15
202510,time,32370,all_observed,TMST_22,0.35000000000000003,15
202510,time,32370,all_observed,TMST_23,0.24,15
202510,time,32370,common_6months,TMST_00,0.13,7
202510,time,32370,common_6months,TMST_01,0.08,7
202510,time,32370,common_6months,TMST_02,0.06,7
202510,time,32370,common_6months,TMST_03,0.06,7
202510,time,32370,common_6months,TMST_04,0.06,7
202510,time,32370,common_6months,TMST_05,0.15000000000000002,7
202510,time,32370,common_6months,TMST_06,0.44,7
202510,time,32370,common_6months,TMST_07,0.89,7
202510,time,32370,common_6months,TMST_08,1.17,7
202510,time,32370,common_6months,TMST_09,1.35,7
202510,time,32370,common_6months,TMST_10,1.4100000000000001,7
202510,time,32370,common_6months,TMST_11,1.55,7
202510,time,32370,common_6months,TMST_12,1.4700000000000002,7
202510,time,32370,common_6months,TMST_13,1.4500000000000002,7
202510,time,32370,common_6months,TMST_14,1.48,7
202510,time,32370,common_6months,TMST_15,1.51,7
202510,time,32370,common_6months,TMST_16,1.51,7
202510,time,32370,common_6months,TMST_17,1.36,7
202510,time,32370,common_6months,TMST_18,1.04,7
202510,time,32370,common_6months,TMST_19,0.7200000000000001,7
202510,time,32370,common_6months,TMST_20,0.5399999999999999,7
202510,time,32370,common_6months,TMST_21,0.42000000000000004,7
202510,time,32370,common_6months,TMST_22,0.29,7
202510,time,32370,common_6months,TMST_23,0.18,7
202511,time,32370,all_observed,TMST_00,0.1,11
202511,time,32370,all_observed,TMST_01,0.08,11
202511,time,32370,all_observed,TMST_02,0.06,11
202511,time,32370,all_observed,TMST_03,0.06,11
202511,time,32370,all_observed,TMST_04,0.06,11
202511,time,32370,all_observed,TMST_05,0.1,11
202511,time,32370,all_observed,TMST_06,0.28,11
202511,time,32370,all_observed,TMST_07,0.56,11
202511,time,32370,all_observed,TMST_08,0.8800000000000001,11
202511,time,32370,all_observed,TMST_09,0.9600000000000001,11
202511,time,32370,all_observed,TMST_10,0.99,11
202511,time,32370,all_observed,TMST_11,1.12,11
202511,time,32370,all_observed,TMST_12,1.1,11
202511,time,32370,all_observed,TMST_13,1.07,11
202511,time,32370,all_observed,TMST_14,1.1,11
202511,time,32370,all_observed,TMST_15,1.06,11
202511,time,32370,all_observed,TMST_16,1.1,11
202511,time,32370,all_observed,TMST_17,0.9500000000000001,11
202511,time,32370,all_observed,TMST_18,0.59,11
202511,time,32370,all_observed,TMST_19,0.45999999999999996,11
202511,time,32370,all_observed,TMST_20,0.31000000000000005,11
202511,time,32370,all_observed,TMST_21,0.27,11
202511,time,32370,all_observed,TMST_22,0.13,11
202511,time,32370,all_observed,TMST_23,0.1,11
202511,time,32370,common_6months,TMST_00,0.1,7
202511,time,32370,common_6months,TMST_01,0.08,7
202511,time,32370,common_6months,TMST_02,0.06,7
202511,time,32370,common_6months,TMST_03,0.06,7
202511,time,32370,common_6months,TMST_04,0.06,7
202511,time,32370,common_6months,TMST_05,0.1,7
202511,time,32370,common_6months,TMST_06,0.28,7
202511,time,32370,common_6months,TMST_07,0.56,7
202511,time,32370,common_6months,TMST_08,0.8200000000000001,7
202511,time,32370,common_6months,TMST_09,0.87,7
202511,time,32370,common_6months,TMST_10,0.9,7
202511,time,32370,common_6months,TMST_11,1.0,7
202511,time,32370,common_6months,TMST_12,1.01,7
202511,time,32370,common_6months,TMST_13,0.9800000000000001,7
202511,time,32370,common_6months,TMST_14,1.01,7
202511,time,32370,common_6months,TMST_15,0.9700000000000001,7
202511,time,32370,common_6months,TMST_16,1.01,7
202511,time,32370,common_6months,TMST_17,0.89,7
202511,time,32370,common_6months,TMST_18,0.59,7
202511,time,32370,common_6months,TMST_19,0.45999999999999996,7
202511,time,32370,common_6months,TMST_20,0.31000000000000005,7
202511,time,32370,common_6months,TMST_21,0.27,7
202511,time,32370,common_6months,TMST_22,0.13,7
202511,time,32370,common_6months,TMST_23,0.1,7
202512,time,32370,all_observed,TMST_00,0.08,7
202512,time,32370,all_observed,TMST_01,0.06,7
202512,time,32370,all_observed,TMST_02,0.06,7
202512,time,32370,all_observed,TMST_03,0.06,7
202512,time,32370,all_observed,TMST_04,0.06,7
202512,time,32370,all_observed,TMST_05,0.11,7
202512,time,32370,all_observed,TMST_06,0.24000000000000002,7
202512,time,32370,all_observed,TMST_07,0.43999999999999995,7
202512,time,32370,all_observed,TMST_08,0.5700000000000001,7
202512,time,32370,all_observed,TMST_09,0.59,7
202512,time,32370,all_observed,TMST_10,0.62,7
202512,time,32370,all_observed,TMST_11,0.67,7
202512,time,32370,all_observed,TMST_12,0.72,7
202512,time,32370,all_observed,TMST_13,0.65,7
202512,time,32370,all_observed,TMST_14,0.65,7
202512,time,32370,all_observed,TMST_15,0.68,7
202512,time,32370,all_observed,TMST_16,0.67,7
202512,time,32370,all_observed,TMST_17,0.62,7
202512,time,32370,all_observed,TMST_18,0.45999999999999996,7
202512,time,32370,all_observed,TMST_19,0.37,7
202512,time,32370,all_observed,TMST_20,0.29000000000000004,7
202512,time,32370,all_observed,TMST_21,0.21,7
202512,time,32370,all_observed,TMST_22,0.1,7
202512,time,32370,all_observed,TMST_23,0.08,7
202512,time,32370,common_6months,TMST_00,0.08,7
202512,time,32370,common_6months,TMST_01,0.06,7
202512,time,32370,common_6months,TMST_02,0.06,7
202512,time,32370,common_6months,TMST_03,0.06,7
202512,time,32370,common_6months,TMST_04,0.06,7
202512,time,32370,common_6months,TMST_05,0.11,7
202512,time,32370,common_6months,TMST_06,0.24000000000000002,7
202512,time,32370,common_6months,TMST_07,0.43999999999999995,7
202512,time,32370,common_6months,TMST_08,0.5700000000000001,7
202512,time,32370,common_6months,TMST_09,0.59,7
202512,time,32370,common_6months,TMST_10,0.62,7
202512,time,32370,common_6months,TMST_11,0.67,7
202512,time,32370,common_6months,TMST_12,0.72,7
202512,time,32370,common_6months,TMST_13,0.65,7
202512,time,32370,common_6months,TMST_14,0.65,7
202512,time,32370,common_6months,TMST_15,0.68,7
202512,time,32370,common_6months,TMST_16,0.67,7
202512,time,32370,common_6months,TMST_17,0.62,7
202512,time,32370,common_6months,TMST_18,0.45999999999999996,7
202512,time,32370,common_6months,TMST_19,0.37,7
202512,time,32370,common_6months,TMST_20,0.29000000000000004,7
202512,time,32370,common_6months,TMST_21,0.21,7
202512,time,32370,common_6months,TMST_22,0.1,7
202512,time,32370,common_6months,TMST_23,0.08,7
202507,time,32380,all_observed,TMST_00,0.03,2
202507,time,32380,all_observed,TMST_01,0.03,2
202507,time,32380,all_observed,TMST_02,0.03,2
202507,time,32380,all_observed,TMST_03,0.03,2
202507,time,32380,all_observed,TMST_04,0.03,2
202507,time,32380,all_observed,TMST_05,0.11,2
202507,time,32380,all_observed,TMST_06,0.16,2
202507,time,32380,all_observed,TMST_07,0.31000000000000005,2
202507,time,32380,all_observed,TMST_08,0.49,2
202507,time,32380,all_observed,TMST_09,0.43,2
202507,time,32380,all_observed,TMST_10,0.36,2
202507,time,32380,all_observed,TMST_11,0.39,2
202507,time,32380,all_observed,TMST_12,0.43,2
202507,time,32380,all_observed,TMST_13,0.41000000000000003,2
202507,time,32380,all_observed,TMST_14,0.39,2
202507,time,32380,all_observed,TMST_15,0.41000000000000003,2
202507,time,32380,all_observed,TMST_16,0.43999999999999995,2
202507,time,32380,all_observed,TMST_17,0.41000000000000003,2
202507,time,32380,all_observed,TMST_18,0.31000000000000005,2
202507,time,32380,all_observed,TMST_19,0.21,2
202507,time,32380,all_observed,TMST_20,0.13,2
202507,time,32380,all_observed,TMST_21,0.13,2
202507,time,32380,all_observed,TMST_22,0.08,2
202507,time,32380,all_observed,TMST_23,0.03,2
202507,time,32380,common_6months,TMST_00,0.03,2
202507,time,32380,common_6months,TMST_01,0.03,2
202507,time,32380,common_6months,TMST_02,0.03,2
202507,time,32380,common_6months,TMST_03,0.03,2
202507,time,32380,common_6months,TMST_04,0.03,2
202507,time,32380,common_6months,TMST_05,0.11,2
202507,time,32380,common_6months,TMST_06,0.16,2
202507,time,32380,common_6months,TMST_07,0.31000000000000005,2
202507,time,32380,common_6months,TMST_08,0.49,2
202507,time,32380,common_6months,TMST_09,0.43,2
202507,time,32380,common_6months,TMST_10,0.36,2
202507,time,32380,common_6months,TMST_11,0.39,2
202507,time,32380,common_6months,TMST_12,0.43,2
202507,time,32380,common_6months,TMST_13,0.41000000000000003,2
202507,time,32380,common_6months,TMST_14,0.39,2
202507,time,32380,common_6months,TMST_15,0.41000000000000003,2
202507,time,32380,common_6months,TMST_16,0.43999999999999995,2
202507,time,32380,common_6months,TMST_17,0.41000000000000003,2
202507,time,32380,common_6months,TMST_18,0.31000000000000005,2
202507,time,32380,common_6months,TMST_19,0.21,2
202507,time,32380,common_6months,TMST_20,0.13,2
202507,time,32380,common_6months,TMST_21,0.13,2
202507,time,32380,common_6months,TMST_22,0.08,2
202507,time,32380,common_6months,TMST_23,0.03,2
202508,time,32380,all_observed,TMST_00,0.03,2
202508,time,32380,all_observed,TMST_01,0.03,2
202508,time,32380,all_observed,TMST_02,0.0,2
202508,time,32380,all_observed,TMST_03,0.03,2
202508,time,32380,all_observed,TMST_04,0.03,2
202508,time,32380,all_observed,TMST_05,0.08,2
202508,time,32380,all_observed,TMST_06,0.13,2
202508,time,32380,all_observed,TMST_07,0.28,2
202508,time,32380,all_observed,TMST_08,0.43999999999999995,2
202508,time,32380,all_observed,TMST_09,0.43,2
202508,time,32380,all_observed,TMST_10,0.51,2
202508,time,32380,all_observed,TMST_11,0.51,2
202508,time,32380,all_observed,TMST_12,0.49,2
202508,time,32380,all_observed,TMST_13,0.49,2
202508,time,32380,all_observed,TMST_14,0.53,2
202508,time,32380,all_observed,TMST_15,0.51,2
202508,time,32380,all_observed,TMST_16,0.51,2
202508,time,32380,all_observed,TMST_17,0.43999999999999995,2
202508,time,32380,all_observed,TMST_18,0.36,2
202508,time,32380,all_observed,TMST_19,0.26,2
202508,time,32380,all_observed,TMST_20,0.16,2
202508,time,32380,all_observed,TMST_21,0.16,2
202508,time,32380,all_observed,TMST_22,0.08,2
202508,time,32380,all_observed,TMST_23,0.05,2
202508,time,32380,common_6months,TMST_00,0.03,2
202508,time,32380,common_6months,TMST_01,0.03,2
202508,time,32380,common_6months,TMST_02,0.0,2
202508,time,32380,common_6months,TMST_03,0.03,2
202508,time,32380,common_6months,TMST_04,0.03,2
202508,time,32380,common_6months,TMST_05,0.08,2
202508,time,32380,common_6months,TMST_06,0.13,2
202508,time,32380,common_6months,TMST_07,0.28,2
202508,time,32380,common_6months,TMST_08,0.43999999999999995,2
202508,time,32380,common_6months,TMST_09,0.43,2
202508,time,32380,common_6months,TMST_10,0.51,2
202508,time,32380,common_6months,TMST_11,0.51,2
202508,time,32380,common_6months,TMST_12,0.49,2
202508,time,32380,common_6months,TMST_13,0.49,2
202508,time,32380,common_6months,TMST_14,0.53,2
202508,time,32380,common_6months,TMST_15,0.51,2
202508,time,32380,common_6months,TMST_16,0.51,2
202508,time,32380,common_6months,TMST_17,0.43999999999999995,2
202508,time,32380,common_6months,TMST_18,0.36,2
202508,time,32380,common_6months,TMST_19,0.26,2
202508,time,32380,common_6months,TMST_20,0.16,2
202508,time,32380,common_6months,TMST_21,0.16,2
202508,time,32380,common_6months,TMST_22,0.08,2
202508,time,32380,common_6months,TMST_23,0.05,2
202509,time,32380,all_observed,TMST_00,0.03,2
202509,time,32380,all_observed,TMST_01,0.0,2
202509,time,32380,all_observed,TMST_02,0.0,2
202509,time,32380,all_observed,TMST_03,0.0,2
202509,time,32380,all_observed,TMST_04,0.03,2
202509,time,32380,all_observed,TMST_05,0.05,2
202509,time,32380,all_observed,TMST_06,0.13,2
202509,time,32380,all_observed,TMST_07,0.28,2
202509,time,32380,all_observed,TMST_08,0.45999999999999996,2
202509,time,32380,all_observed,TMST_09,0.41,2
202509,time,32380,all_observed,TMST_10,0.41,2
202509,time,32380,all_observed,TMST_11,0.35,2
202509,time,32380,all_observed,TMST_12,0.35,2
202509,time,32380,all_observed,TMST_13,0.38,2
202509,time,32380,all_observed,TMST_14,0.38,2
202509,time,32380,all_observed,TMST_15,0.41,2
202509,time,32380,all_observed,TMST_16,0.43,2
202509,time,32380,all_observed,TMST_17,0.39,2
202509,time,32380,all_observed,TMST_18,0.28,2
202509,time,32380,all_observed,TMST_19,0.21,2
202509,time,32380,all_observed,TMST_20,0.13,2
202509,time,32380,all_observed,TMST_21,0.11,2
202509,time,32380,all_observed,TMST_22,0.05,2
202509,time,32380,all_observed,TMST_23,0.03,2
202509,time,32380,common_6months,TMST_00,0.03,2
202509,time,32380,common_6months,TMST_01,0.0,2
202509,time,32380,common_6months,TMST_02,0.0,2
202509,time,32380,common_6months,TMST_03,0.0,2
202509,time,32380,common_6months,TMST_04,0.03,2
202509,time,32380,common_6months,TMST_05,0.05,2
202509,time,32380,common_6months,TMST_06,0.13,2
202509,time,32380,common_6months,TMST_07,0.28,2
202509,time,32380,common_6months,TMST_08,0.45999999999999996,2
202509,time,32380,common_6months,TMST_09,0.41,2
202509,time,32380,common_6months,TMST_10,0.41,2
202509,time,32380,common_6months,TMST_11,0.35,2
202509,time,32380,common_6months,TMST_12,0.35,2
202509,time,32380,common_6months,TMST_13,0.38,2
202509,time,32380,common_6months,TMST_14,0.38,2
202509,time,32380,common_6months,TMST_15,0.41,2
202509,time,32380,common_6months,TMST_16,0.43,2
202509,time,32380,common_6months,TMST_17,0.39,2
202509,time,32380,common_6months,TMST_18,0.28,2
202509,time,32380,common_6months,TMST_19,0.21,2
202509,time,32380,common_6months,TMST_20,0.13,2
202509,time,32380,common_6months,TMST_21,0.11,2
202509,time,32380,common_6months,TMST_22,0.05,2
202509,time,32380,common_6months,TMST_23,0.03,2
202510,time,32380,all_observed,TMST_00,0.03,2
202510,time,32380,all_observed,TMST_01,0.03,2
202510,time,32380,all_observed,TMST_02,0.0,2
202510,time,32380,all_observed,TMST_03,0.0,2
202510,time,32380,all_observed,TMST_04,0.03,2
202510,time,32380,all_observed,TMST_05,0.05,2
202510,time,32380,all_observed,TMST_06,0.13,2
202510,time,32380,all_observed,TMST_07,0.26,2
202510,time,32380,all_observed,TMST_08,0.41000000000000003,2
202510,time,32380,all_observed,TMST_09,0.43,2
202510,time,32380,all_observed,TMST_10,0.45999999999999996,2
202510,time,32380,all_observed,TMST_11,0.43,2
202510,time,32380,all_observed,TMST_12,0.45999999999999996,2
202510,time,32380,all_observed,TMST_13,0.39,2
202510,time,32380,all_observed,TMST_14,0.51,2
202510,time,32380,all_observed,TMST_15,0.51,2
202510,time,32380,all_observed,TMST_16,0.49,2
202510,time,32380,all_observed,TMST_17,0.41000000000000003,2
202510,time,32380,all_observed,TMST_18,0.31000000000000005,2
202510,time,32380,all_observed,TMST_19,0.23,2
202510,time,32380,all_observed,TMST_20,0.16,2
202510,time,32380,all_observed,TMST_21,0.13,2
202510,time,32380,all_observed,TMST_22,0.05,2
202510,time,32380,all_observed,TMST_23,0.03,2
202510,time,32380,common_6months,TMST_00,0.03,2
202510,time,32380,common_6months,TMST_01,0.03,2
202510,time,32380,common_6months,TMST_02,0.0,2
202510,time,32380,common_6months,TMST_03,0.0,2
202510,time,32380,common_6months,TMST_04,0.03,2
202510,time,32380,common_6months,TMST_05,0.05,2
202510,time,32380,common_6months,TMST_06,0.13,2
202510,time,32380,common_6months,TMST_07,0.26,2
202510,time,32380,common_6months,TMST_08,0.41000000000000003,2
202510,time,32380,common_6months,TMST_09,0.43,2
202510,time,32380,common_6months,TMST_10,0.45999999999999996,2
202510,time,32380,common_6months,TMST_11,0.43,2
202510,time,32380,common_6months,TMST_12,0.45999999999999996,2
202510,time,32380,common_6months,TMST_13,0.39,2
202510,time,32380,common_6months,TMST_14,0.51,2
202510,time,32380,common_6months,TMST_15,0.51,2
202510,time,32380,common_6months,TMST_16,0.49,2
202510,time,32380,common_6months,TMST_17,0.41000000000000003,2
202510,time,32380,common_6months,TMST_18,0.31000000000000005,2
202510,time,32380,common_6months,TMST_19,0.23,2
202510,time,32380,common_6months,TMST_20,0.16,2
202510,time,32380,common_6months,TMST_21,0.13,2
202510,time,32380,common_6months,TMST_22,0.05,2
202510,time,32380,common_6months,TMST_23,0.03,2
202511,time,32380,all_observed,TMST_00,0.03,2
202511,time,32380,all_observed,TMST_01,0.0,2
202511,time,32380,all_observed,TMST_02,0.0,2
202511,time,32380,all_observed,TMST_03,0.03,2
202511,time,32380,all_observed,TMST_04,0.03,2
202511,time,32380,all_observed,TMST_05,0.05,2
202511,time,32380,all_observed,TMST_06,0.11,2
202511,time,32380,all_observed,TMST_07,0.26,2
202511,time,32380,all_observed,TMST_08,0.45999999999999996,2
202511,time,32380,all_observed,TMST_09,0.39,2
202511,time,32380,all_observed,TMST_10,0.31000000000000005,2
202511,time,32380,all_observed,TMST_11,0.32999999999999996,2
202511,time,32380,all_observed,TMST_12,0.31000000000000005,2
202511,time,32380,all_observed,TMST_13,0.36,2
202511,time,32380,all_observed,TMST_14,0.39,2
202511,time,32380,all_observed,TMST_15,0.39,2
202511,time,32380,all_observed,TMST_16,0.39,2
202511,time,32380,all_observed,TMST_17,0.32999999999999996,2
202511,time,32380,all_observed,TMST_18,0.28,2
202511,time,32380,all_observed,TMST_19,0.16,2
202511,time,32380,all_observed,TMST_20,0.13,2
202511,time,32380,all_observed,TMST_21,0.08,2
202511,time,32380,all_observed,TMST_22,0.05,2
202511,time,32380,all_observed,TMST_23,0.03,2
202511,time,32380,common_6months,TMST_00,0.03,2
202511,time,32380,common_6months,TMST_01,0.0,2
202511,time,32380,common_6months,TMST_02,0.0,2
202511,time,32380,common_6months,TMST_03,0.03,2
202511,time,32380,common_6months,TMST_04,0.03,2
202511,time,32380,common_6months,TMST_05,0.05,2
202511,time,32380,common_6months,TMST_06,0.11,2
202511,time,32380,common_6months,TMST_07,0.26,2
202511,time,32380,common_6months,TMST_08,0.45999999999999996,2
202511,time,32380,common_6months,TMST_09,0.39,2
202511,time,32380,common_6months,TMST_10,0.31000000000000005,2
202511,time,32380,common_6months,TMST_11,0.32999999999999996,2
202511,time,32380,common_6months,TMST_12,0.31000000000000005,2
202511,time,32380,common_6months,TMST_13,0.36,2
202511,time,32380,common_6months,TMST_14,0.39,2
202511,time,32380,common_6months,TMST_15,0.39,2
202511,time,32380,common_6months,TMST_16,0.39,2
202511,time,32380,common_6months,TMST_17,0.32999999999999996,2
202511,time,32380,common_6months,TMST_18,0.28,2
202511,time,32380,common_6months,TMST_19,0.16,2
202511,time,32380,common_6months,TMST_20,0.13,2
202511,time,32380,common_6months,TMST_21,0.08,2
202511,time,32380,common_6months,TMST_22,0.05,2
202511,time,32380,common_6months,TMST_23,0.03,2
202512,time,32380,all_observed,TMST_00,0.03,2
202512,time,32380,all_observed,TMST_01,0.0,2
202512,time,32380,all_observed,TMST_02,0.0,2
202512,time,32380,all_observed,TMST_03,0.0,2
202512,time,32380,all_observed,TMST_04,0.0,2
202512,time,32380,all_observed,TMST_05,0.03,2
202512,time,32380,all_observed,TMST_06,0.05,2
202512,time,32380,all_observed,TMST_07,0.15,2
202512,time,32380,all_observed,TMST_08,0.3,2
202512,time,32380,all_observed,TMST_09,0.23,2
202512,time,32380,all_observed,TMST_10,0.23,2
202512,time,32380,all_observed,TMST_11,0.23,2
202512,time,32380,all_observed,TMST_12,0.26,2
202512,time,32380,all_observed,TMST_13,0.26,2
202512,time,32380,all_observed,TMST_14,0.28,2
202512,time,32380,all_observed,TMST_15,0.31000000000000005,2
202512,time,32380,all_observed,TMST_16,0.31000000000000005,2
202512,time,32380,all_observed,TMST_17,0.28,2
202512,time,32380,all_observed,TMST_18,0.21,2
202512,time,32380,all_observed,TMST_19,0.16,2
202512,time,32380,all_observed,TMST_20,0.1,2
202512,time,32380,all_observed,TMST_21,0.08,2
202512,time,32380,all_observed,TMST_22,0.05,2
202512,time,32380,all_observed,TMST_23,0.03,2
202512,time,32380,common_6months,TMST_00,0.03,2
202512,time,32380,common_6months,TMST_01,0.0,2
202512,time,32380,common_6months,TMST_02,0.0,2
202512,time,32380,common_6months,TMST_03,0.0,2
202512,time,32380,common_6months,TMST_04,0.0,2
202512,time,32380,common_6months,TMST_05,0.03,2
202512,time,32380,common_6months,TMST_06,0.05,2
202512,time,32380,common_6months,TMST_07,0.15,2
202512,time,32380,common_6months,TMST_08,0.3,2
202512,time,32380,common_6months,TMST_09,0.23,2
202512,time,32380,common_6months,TMST_10,0.23,2
202512,time,32380,common_6months,TMST_11,0.23,2
202512,time,32380,common_6months,TMST_12,0.26,2
202512,time,32380,common_6months,TMST_13,0.26,2
202512,time,32380,common_6months,TMST_14,0.28,2
202512,time,32380,common_6months,TMST_15,0.31000000000000005,2
202512,time,32380,common_6months,TMST_16,0.31000000000000005,2
202512,time,32380,common_6months,TMST_17,0.28,2
202512,time,32380,common_6months,TMST_18,0.21,2
202512,time,32380,common_6months,TMST_19,0.16,2
202512,time,32380,common_6months,TMST_20,0.1,2
202512,time,32380,common_6months,TMST_21,0.08,2
202512,time,32380,common_6months,TMST_22,0.05,2
202512,time,32380,common_6months,TMST_23,0.03,2
202507,wkdy,11030,all_observed,FLOW_POP_CNT_MON,1.73,1
202507,wkdy,11030,all_observed,FLOW_POP_CNT_TUS,1.8,1
202507,wkdy,11030,all_observed,FLOW_POP_CNT_WED,1.83,1
202507,wkdy,11030,all_observed,FLOW_POP_CNT_THU,1.83,1
202507,wkdy,11030,all_observed,FLOW_POP_CNT_FRI,1.88,1
202507,wkdy,11030,all_observed,FLOW_POP_CNT_SAT,1.07,1
202507,wkdy,11030,all_observed,FLOW_POP_CNT_SUN,0.97,1
202507,wkdy,11030,common_6months,FLOW_POP_CNT_MON,1.73,1
202507,wkdy,11030,common_6months,FLOW_POP_CNT_TUS,1.8,1
202507,wkdy,11030,common_6months,FLOW_POP_CNT_WED,1.83,1
202507,wkdy,11030,common_6months,FLOW_POP_CNT_THU,1.83,1
202507,wkdy,11030,common_6months,FLOW_POP_CNT_FRI,1.88,1
202507,wkdy,11030,common_6months,FLOW_POP_CNT_SAT,1.07,1
202507,wkdy,11030,common_6months,FLOW_POP_CNT_SUN,0.97,1
202508,wkdy,11030,all_observed,FLOW_POP_CNT_MON,1.55,1
202508,wkdy,11030,all_observed,FLOW_POP_CNT_TUS,1.68,1
202508,wkdy,11030,all_observed,FLOW_POP_CNT_WED,1.68,1
202508,wkdy,11030,all_observed,FLOW_POP_CNT_THU,1.7,1
202508,wkdy,11030,all_observed,FLOW_POP_CNT_FRI,1.75,1
202508,wkdy,11030,all_observed,FLOW_POP_CNT_SAT,1.02,1
202508,wkdy,11030,all_observed,FLOW_POP_CNT_SUN,0.89,1
202508,wkdy,11030,common_6months,FLOW_POP_CNT_MON,1.55,1
202508,wkdy,11030,common_6months,FLOW_POP_CNT_TUS,1.68,1
202508,wkdy,11030,common_6months,FLOW_POP_CNT_WED,1.68,1
202508,wkdy,11030,common_6months,FLOW_POP_CNT_THU,1.7,1
202508,wkdy,11030,common_6months,FLOW_POP_CNT_FRI,1.75,1
202508,wkdy,11030,common_6months,FLOW_POP_CNT_SAT,1.02,1
202508,wkdy,11030,common_6months,FLOW_POP_CNT_SUN,0.89,1
202509,wkdy,11030,all_observed,FLOW_POP_CNT_MON,2.03,1
202509,wkdy,11030,all_observed,FLOW_POP_CNT_TUS,2.11,1
202509,wkdy,11030,all_observed,FLOW_POP_CNT_WED,2.08,1
202509,wkdy,11030,all_observed,FLOW_POP_CNT_THU,2.18,1
202509,wkdy,11030,all_observed,FLOW_POP_CNT_FRI,2.21,1
202509,wkdy,11030,all_observed,FLOW_POP_CNT_SAT,1.35,1
202509,wkdy,11030,all_observed,FLOW_POP_CNT_SUN,1.19,1
202509,wkdy,11030,common_6months,FLOW_POP_CNT_MON,2.03,1
202509,wkdy,11030,common_6months,FLOW_POP_CNT_TUS,2.11,1
202509,wkdy,11030,common_6months,FLOW_POP_CNT_WED,2.08,1
202509,wkdy,11030,common_6months,FLOW_POP_CNT_THU,2.18,1
202509,wkdy,11030,common_6months,FLOW_POP_CNT_FRI,2.21,1
202509,wkdy,11030,common_6months,FLOW_POP_CNT_SAT,1.35,1
202509,wkdy,11030,common_6months,FLOW_POP_CNT_SUN,1.19,1
202510,wkdy,11030,all_observed,FLOW_POP_CNT_MON,1.8,1
202510,wkdy,11030,all_observed,FLOW_POP_CNT_TUS,1.88,1
202510,wkdy,11030,all_observed,FLOW_POP_CNT_WED,2.03,1
202510,wkdy,11030,all_observed,FLOW_POP_CNT_THU,2.01,1
202510,wkdy,11030,all_observed,FLOW_POP_CNT_FRI,1.96,1
202510,wkdy,11030,all_observed,FLOW_POP_CNT_SAT,1.14,1
202510,wkdy,11030,all_observed,FLOW_POP_CNT_SUN,1.04,1
202510,wkdy,11030,common_6months,FLOW_POP_CNT_MON,1.8,1
202510,wkdy,11030,common_6months,FLOW_POP_CNT_TUS,1.88,1
202510,wkdy,11030,common_6months,FLOW_POP_CNT_WED,2.03,1
202510,wkdy,11030,common_6months,FLOW_POP_CNT_THU,2.01,1
202510,wkdy,11030,common_6months,FLOW_POP_CNT_FRI,1.96,1
202510,wkdy,11030,common_6months,FLOW_POP_CNT_SAT,1.14,1
202510,wkdy,11030,common_6months,FLOW_POP_CNT_SUN,1.04,1
202511,wkdy,11030,all_observed,FLOW_POP_CNT_MON,1.93,1
202511,wkdy,11030,all_observed,FLOW_POP_CNT_TUS,1.98,1
202511,wkdy,11030,all_observed,FLOW_POP_CNT_WED,2.01,1
202511,wkdy,11030,all_observed,FLOW_POP_CNT_THU,1.91,1
202511,wkdy,11030,all_observed,FLOW_POP_CNT_FRI,1.93,1
202511,wkdy,11030,all_observed,FLOW_POP_CNT_SAT,1.24,1
202511,wkdy,11030,all_observed,FLOW_POP_CNT_SUN,1.07,1
202511,wkdy,11030,common_6months,FLOW_POP_CNT_MON,1.93,1
202511,wkdy,11030,common_6months,FLOW_POP_CNT_TUS,1.98,1
202511,wkdy,11030,common_6months,FLOW_POP_CNT_WED,2.01,1
202511,wkdy,11030,common_6months,FLOW_POP_CNT_THU,1.91,1
202511,wkdy,11030,common_6months,FLOW_POP_CNT_FRI,1.93,1
202511,wkdy,11030,common_6months,FLOW_POP_CNT_SAT,1.24,1
202511,wkdy,11030,common_6months,FLOW_POP_CNT_SUN,1.07,1
202512,wkdy,11030,all_observed,FLOW_POP_CNT_MON,1.47,1
202512,wkdy,11030,all_observed,FLOW_POP_CNT_TUS,1.55,1
202512,wkdy,11030,all_observed,FLOW_POP_CNT_WED,1.6,1
202512,wkdy,11030,all_observed,FLOW_POP_CNT_THU,1.6,1
202512,wkdy,11030,all_observed,FLOW_POP_CNT_FRI,1.57,1
202512,wkdy,11030,all_observed,FLOW_POP_CNT_SAT,0.89,1
202512,wkdy,11030,all_observed,FLOW_POP_CNT_SUN,0.81,1
202512,wkdy,11030,common_6months,FLOW_POP_CNT_MON,1.47,1
202512,wkdy,11030,common_6months,FLOW_POP_CNT_TUS,1.55,1
202512,wkdy,11030,common_6months,FLOW_POP_CNT_WED,1.6,1
202512,wkdy,11030,common_6months,FLOW_POP_CNT_THU,1.6,1
202512,wkdy,11030,common_6months,FLOW_POP_CNT_FRI,1.57,1
202512,wkdy,11030,common_6months,FLOW_POP_CNT_SAT,0.89,1
202512,wkdy,11030,common_6months,FLOW_POP_CNT_SUN,0.81,1
202507,wkdy,11040,all_observed,FLOW_POP_CNT_MON,0.18,1
202507,wkdy,11040,all_observed,FLOW_POP_CNT_TUS,0.18,1
202507,wkdy,11040,all_observed,FLOW_POP_CNT_WED,0.18,1
202507,wkdy,11040,all_observed,FLOW_POP_CNT_THU,0.18,1
202507,wkdy,11040,all_observed,FLOW_POP_CNT_FRI,0.2,1
202507,wkdy,11040,all_observed,FLOW_POP_CNT_SAT,0.15,1
202507,wkdy,11040,all_observed,FLOW_POP_CNT_SUN,0.13,1
202507,wkdy,11040,common_6months,FLOW_POP_CNT_MON,0.18,1
202507,wkdy,11040,common_6months,FLOW_POP_CNT_TUS,0.18,1
202507,wkdy,11040,common_6months,FLOW_POP_CNT_WED,0.18,1
202507,wkdy,11040,common_6months,FLOW_POP_CNT_THU,0.18,1
202507,wkdy,11040,common_6months,FLOW_POP_CNT_FRI,0.2,1
202507,wkdy,11040,common_6months,FLOW_POP_CNT_SAT,0.15,1
202507,wkdy,11040,common_6months,FLOW_POP_CNT_SUN,0.13,1
202508,wkdy,11040,all_observed,FLOW_POP_CNT_MON,0.15,1
202508,wkdy,11040,all_observed,FLOW_POP_CNT_TUS,0.18,1
202508,wkdy,11040,all_observed,FLOW_POP_CNT_WED,0.18,1
202508,wkdy,11040,all_observed,FLOW_POP_CNT_THU,0.2,1
202508,wkdy,11040,all_observed,FLOW_POP_CNT_FRI,0.2,1
202508,wkdy,11040,all_observed,FLOW_POP_CNT_SAT,0.15,1
202508,wkdy,11040,all_observed,FLOW_POP_CNT_SUN,0.13,1
202508,wkdy,11040,common_6months,FLOW_POP_CNT_MON,0.15,1
202508,wkdy,11040,common_6months,FLOW_POP_CNT_TUS,0.18,1
202508,wkdy,11040,common_6months,FLOW_POP_CNT_WED,0.18,1
202508,wkdy,11040,common_6months,FLOW_POP_CNT_THU,0.2,1
202508,wkdy,11040,common_6months,FLOW_POP_CNT_FRI,0.2,1
202508,wkdy,11040,common_6months,FLOW_POP_CNT_SAT,0.15,1
202508,wkdy,11040,common_6months,FLOW_POP_CNT_SUN,0.13,1
202509,wkdy,11040,all_observed,FLOW_POP_CNT_MON,0.48,1
202509,wkdy,11040,all_observed,FLOW_POP_CNT_TUS,0.51,1
202509,wkdy,11040,all_observed,FLOW_POP_CNT_WED,0.48,1
202509,wkdy,11040,all_observed,FLOW_POP_CNT_THU,0.56,1
202509,wkdy,11040,all_observed,FLOW_POP_CNT_FRI,0.56,1
202509,wkdy,11040,all_observed,FLOW_POP_CNT_SAT,0.43,1
202509,wkdy,11040,all_observed,FLOW_POP_CNT_SUN,0.38,1
202509,wkdy,11040,common_6months,FLOW_POP_CNT_MON,0.48,1
202509,wkdy,11040,common_6months,FLOW_POP_CNT_TUS,0.51,1
202509,wkdy,11040,common_6months,FLOW_POP_CNT_WED,0.48,1
202509,wkdy,11040,common_6months,FLOW_POP_CNT_THU,0.56,1
202509,wkdy,11040,common_6months,FLOW_POP_CNT_FRI,0.56,1
202509,wkdy,11040,common_6months,FLOW_POP_CNT_SAT,0.43,1
202509,wkdy,11040,common_6months,FLOW_POP_CNT_SUN,0.38,1
202510,wkdy,11040,all_observed,FLOW_POP_CNT_MON,0.41,1
202510,wkdy,11040,all_observed,FLOW_POP_CNT_TUS,0.41,1
202510,wkdy,11040,all_observed,FLOW_POP_CNT_WED,0.46,1
202510,wkdy,11040,all_observed,FLOW_POP_CNT_THU,0.46,1
202510,wkdy,11040,all_observed,FLOW_POP_CNT_FRI,0.43,1
202510,wkdy,11040,all_observed,FLOW_POP_CNT_SAT,0.36,1
202510,wkdy,11040,all_observed,FLOW_POP_CNT_SUN,0.28,1
202510,wkdy,11040,common_6months,FLOW_POP_CNT_MON,0.41,1
202510,wkdy,11040,common_6months,FLOW_POP_CNT_TUS,0.41,1
202510,wkdy,11040,common_6months,FLOW_POP_CNT_WED,0.46,1
202510,wkdy,11040,common_6months,FLOW_POP_CNT_THU,0.46,1
202510,wkdy,11040,common_6months,FLOW_POP_CNT_FRI,0.43,1
202510,wkdy,11040,common_6months,FLOW_POP_CNT_SAT,0.36,1
202510,wkdy,11040,common_6months,FLOW_POP_CNT_SUN,0.28,1
202511,wkdy,11040,all_observed,FLOW_POP_CNT_MON,0.38,1
202511,wkdy,11040,all_observed,FLOW_POP_CNT_TUS,0.43,1
202511,wkdy,11040,all_observed,FLOW_POP_CNT_WED,0.46,1
202511,wkdy,11040,all_observed,FLOW_POP_CNT_THU,0.46,1
202511,wkdy,11040,all_observed,FLOW_POP_CNT_FRI,0.48,1
202511,wkdy,11040,all_observed,FLOW_POP_CNT_SAT,0.38,1
202511,wkdy,11040,all_observed,FLOW_POP_CNT_SUN,0.3,1
202511,wkdy,11040,common_6months,FLOW_POP_CNT_MON,0.38,1
202511,wkdy,11040,common_6months,FLOW_POP_CNT_TUS,0.43,1
202511,wkdy,11040,common_6months,FLOW_POP_CNT_WED,0.46,1
202511,wkdy,11040,common_6months,FLOW_POP_CNT_THU,0.46,1
202511,wkdy,11040,common_6months,FLOW_POP_CNT_FRI,0.48,1
202511,wkdy,11040,common_6months,FLOW_POP_CNT_SAT,0.38,1
202511,wkdy,11040,common_6months,FLOW_POP_CNT_SUN,0.3,1
202512,wkdy,11040,all_observed,FLOW_POP_CNT_MON,0.41,1
202512,wkdy,11040,all_observed,FLOW_POP_CNT_TUS,0.43,1
202512,wkdy,11040,all_observed,FLOW_POP_CNT_WED,0.41,1
202512,wkdy,11040,all_observed,FLOW_POP_CNT_THU,0.41,1
202512,wkdy,11040,all_observed,FLOW_POP_CNT_FRI,0.41,1
202512,wkdy,11040,all_observed,FLOW_POP_CNT_SAT,0.3,1
202512,wkdy,11040,all_observed,FLOW_POP_CNT_SUN,0.25,1
202512,wkdy,11040,common_6months,FLOW_POP_CNT_MON,0.41,1
202512,wkdy,11040,common_6months,FLOW_POP_CNT_TUS,0.43,1
202512,wkdy,11040,common_6months,FLOW_POP_CNT_WED,0.41,1
202512,wkdy,11040,common_6months,FLOW_POP_CNT_THU,0.41,1
202512,wkdy,11040,common_6months,FLOW_POP_CNT_FRI,0.41,1
202512,wkdy,11040,common_6months,FLOW_POP_CNT_SAT,0.3,1
202512,wkdy,11040,common_6months,FLOW_POP_CNT_SUN,0.25,1
202507,wkdy,11220,all_observed,FLOW_POP_CNT_MON,5768.49,8
202507,wkdy,11220,all_observed,FLOW_POP_CNT_TUS,5890.9800000000005,8
202507,wkdy,11220,all_observed,FLOW_POP_CNT_WED,5882.080000000001,8
202507,wkdy,11220,all_observed,FLOW_POP_CNT_THU,5914.080000000001,8
202507,wkdy,11220,all_observed,FLOW_POP_CNT_FRI,6278.599999999999,8
202507,wkdy,11220,all_observed,FLOW_POP_CNT_SAT,6078.82,8
202507,wkdy,11220,all_observed,FLOW_POP_CNT_SUN,4270.879999999999,8
202507,wkdy,11220,common_6months,FLOW_POP_CNT_MON,5768.49,8
202507,wkdy,11220,common_6months,FLOW_POP_CNT_TUS,5890.9800000000005,8
202507,wkdy,11220,common_6months,FLOW_POP_CNT_WED,5882.080000000001,8
202507,wkdy,11220,common_6months,FLOW_POP_CNT_THU,5914.080000000001,8
202507,wkdy,11220,common_6months,FLOW_POP_CNT_FRI,6278.599999999999,8
202507,wkdy,11220,common_6months,FLOW_POP_CNT_SAT,6078.82,8
202507,wkdy,11220,common_6months,FLOW_POP_CNT_SUN,4270.879999999999,8
202508,wkdy,11220,all_observed,FLOW_POP_CNT_MON,5616.8099999999995,8
202508,wkdy,11220,all_observed,FLOW_POP_CNT_TUS,5813.14,8
202508,wkdy,11220,all_observed,FLOW_POP_CNT_WED,5643.22,8
202508,wkdy,11220,all_observed,FLOW_POP_CNT_THU,5866.290000000001,8
202508,wkdy,11220,all_observed,FLOW_POP_CNT_FRI,5586.54,8
202508,wkdy,11220,all_observed,FLOW_POP_CNT_SAT,5732.05,8
202508,wkdy,11220,all_observed,FLOW_POP_CNT_SUN,4152.010000000001,8
202508,wkdy,11220,common_6months,FLOW_POP_CNT_MON,5616.8099999999995,8
202508,wkdy,11220,common_6months,FLOW_POP_CNT_TUS,5813.14,8
202508,wkdy,11220,common_6months,FLOW_POP_CNT_WED,5643.22,8
202508,wkdy,11220,common_6months,FLOW_POP_CNT_THU,5866.290000000001,8
202508,wkdy,11220,common_6months,FLOW_POP_CNT_FRI,5586.54,8
202508,wkdy,11220,common_6months,FLOW_POP_CNT_SAT,5732.05,8
202508,wkdy,11220,common_6months,FLOW_POP_CNT_SUN,4152.010000000001,8
202509,wkdy,11220,all_observed,FLOW_POP_CNT_MON,6067.33,8
202509,wkdy,11220,all_observed,FLOW_POP_CNT_TUS,6070.559999999999,8
202509,wkdy,11220,all_observed,FLOW_POP_CNT_WED,5930.59,8
202509,wkdy,11220,all_observed,FLOW_POP_CNT_THU,6134.780000000001,8
202509,wkdy,11220,all_observed,FLOW_POP_CNT_FRI,6550.570000000001,8
202509,wkdy,11220,all_observed,FLOW_POP_CNT_SAT,6541.969999999999,8
202509,wkdy,11220,all_observed,FLOW_POP_CNT_SUN,4550.490000000001,8
202509,wkdy,11220,common_6months,FLOW_POP_CNT_MON,6067.33,8
202509,wkdy,11220,common_6months,FLOW_POP_CNT_TUS,6070.559999999999,8
202509,wkdy,11220,common_6months,FLOW_POP_CNT_WED,5930.59,8
202509,wkdy,11220,common_6months,FLOW_POP_CNT_THU,6134.780000000001,8
202509,wkdy,11220,common_6months,FLOW_POP_CNT_FRI,6550.570000000001,8
202509,wkdy,11220,common_6months,FLOW_POP_CNT_SAT,6541.969999999999,8
202509,wkdy,11220,common_6months,FLOW_POP_CNT_SUN,4550.490000000001,8
202510,wkdy,11220,all_observed,FLOW_POP_CNT_MON,5373.259999999999,8
202510,wkdy,11220,all_observed,FLOW_POP_CNT_TUS,6026.4,8
202510,wkdy,11220,all_observed,FLOW_POP_CNT_WED,6168.42,8
202510,wkdy,11220,all_observed,FLOW_POP_CNT_THU,6238.110000000001,8
202510,wkdy,11220,all_observed,FLOW_POP_CNT_FRI,6420.76,8
202510,wkdy,11220,all_observed,FLOW_POP_CNT_SAT,6425.77,8
202510,wkdy,11220,all_observed,FLOW_POP_CNT_SUN,4509.97,8
202510,wkdy,11220,common_6months,FLOW_POP_CNT_MON,5373.259999999999,8
202510,wkdy,11220,common_6months,FLOW_POP_CNT_TUS,6026.4,8
202510,wkdy,11220,common_6months,FLOW_POP_CNT_WED,6168.42,8
202510,wkdy,11220,common_6months,FLOW_POP_CNT_THU,6238.110000000001,8
202510,wkdy,11220,common_6months,FLOW_POP_CNT_FRI,6420.76,8
202510,wkdy,11220,common_6months,FLOW_POP_CNT_SAT,6425.77,8
202510,wkdy,11220,common_6months,FLOW_POP_CNT_SUN,4509.97,8
202511,wkdy,11220,all_observed,FLOW_POP_CNT_MON,6274.24,8
202511,wkdy,11220,all_observed,FLOW_POP_CNT_TUS,6418.31,8
202511,wkdy,11220,all_observed,FLOW_POP_CNT_WED,6356.579999999999,8
202511,wkdy,11220,all_observed,FLOW_POP_CNT_THU,6215.209999999999,8
202511,wkdy,11220,all_observed,FLOW_POP_CNT_FRI,6660.71,8
202511,wkdy,11220,all_observed,FLOW_POP_CNT_SAT,6793.860000000001,8
202511,wkdy,11220,all_observed,FLOW_POP_CNT_SUN,4750.41,8
202511,wkdy,11220,common_6months,FLOW_POP_CNT_MON,6274.24,8
202511,wkdy,11220,common_6months,FLOW_POP_CNT_TUS,6418.31,8
202511,wkdy,11220,common_6months,FLOW_POP_CNT_WED,6356.579999999999,8
202511,wkdy,11220,common_6months,FLOW_POP_CNT_THU,6215.209999999999,8
202511,wkdy,11220,common_6months,FLOW_POP_CNT_FRI,6660.71,8
202511,wkdy,11220,common_6months,FLOW_POP_CNT_SAT,6793.860000000001,8
202511,wkdy,11220,common_6months,FLOW_POP_CNT_SUN,4750.41,8
202512,wkdy,11220,all_observed,FLOW_POP_CNT_MON,6276.51,8
202512,wkdy,11220,all_observed,FLOW_POP_CNT_TUS,6460.700000000001,8
202512,wkdy,11220,all_observed,FLOW_POP_CNT_WED,6333.589999999999,8
202512,wkdy,11220,all_observed,FLOW_POP_CNT_THU,5949.330000000001,8
202512,wkdy,11220,all_observed,FLOW_POP_CNT_FRI,6755.17,8
202512,wkdy,11220,all_observed,FLOW_POP_CNT_SAT,6743.67,8
202512,wkdy,11220,all_observed,FLOW_POP_CNT_SUN,4709.5,8
202512,wkdy,11220,common_6months,FLOW_POP_CNT_MON,6276.51,8
202512,wkdy,11220,common_6months,FLOW_POP_CNT_TUS,6460.700000000001,8
202512,wkdy,11220,common_6months,FLOW_POP_CNT_WED,6333.589999999999,8
202512,wkdy,11220,common_6months,FLOW_POP_CNT_THU,5949.330000000001,8
202512,wkdy,11220,common_6months,FLOW_POP_CNT_FRI,6755.17,8
202512,wkdy,11220,common_6months,FLOW_POP_CNT_SAT,6743.67,8
202512,wkdy,11220,common_6months,FLOW_POP_CNT_SUN,4709.5,8
202507,wkdy,11230,all_observed,FLOW_POP_CNT_MON,7876888.42,15369
202507,wkdy,11230,all_observed,FLOW_POP_CNT_TUS,8151294.049999999,15369
202507,wkdy,11230,all_observed,FLOW_POP_CNT_WED,8163615.88,15369
202507,wkdy,11230,all_observed,FLOW_POP_CNT_THU,8191939.050000001,15369
202507,wkdy,11230,all_observed,FLOW_POP_CNT_FRI,8335659.68,15369
202507,wkdy,11230,all_observed,FLOW_POP_CNT_SAT,6416847.09,15369
202507,wkdy,11230,all_observed,FLOW_POP_CNT_SUN,5196254.46,15369
202507,wkdy,11230,common_6months,FLOW_POP_CNT_MON,7876698.82,15334
202507,wkdy,11230,common_6months,FLOW_POP_CNT_TUS,8151103.720000001,15334
202507,wkdy,11230,common_6months,FLOW_POP_CNT_WED,8163424.280000001,15334
202507,wkdy,11230,common_6months,FLOW_POP_CNT_THU,8191754.43,15334
202507,wkdy,11230,common_6months,FLOW_POP_CNT_FRI,8335468.51,15334
202507,wkdy,11230,common_6months,FLOW_POP_CNT_SAT,6416684.779999999,15334
202507,wkdy,11230,common_6months,FLOW_POP_CNT_SUN,5196084.51,15334
202508,wkdy,11230,all_observed,FLOW_POP_CNT_MON,7779272.550000001,15413
202508,wkdy,11230,all_observed,FLOW_POP_CNT_TUS,8139769.62,15413
202508,wkdy,11230,all_observed,FLOW_POP_CNT_WED,8014464.26,15413
202508,wkdy,11230,all_observed,FLOW_POP_CNT_THU,8161294.760000001,15413
202508,wkdy,11230,all_observed,FLOW_POP_CNT_FRI,7578207.37,15413
202508,wkdy,11230,all_observed,FLOW_POP_CNT_SAT,6191152.11,15413
202508,wkdy,11230,all_observed,FLOW_POP_CNT_SUN,5098475.05,15413
202508,wkdy,11230,common_6months,FLOW_POP_CNT_MON,7778354.06,15334
202508,wkdy,11230,common_6months,FLOW_POP_CNT_TUS,8138858.640000001,15334
202508,wkdy,11230,common_6months,FLOW_POP_CNT_WED,8013553.390000001,15334
202508,wkdy,11230,common_6months,FLOW_POP_CNT_THU,8160375.45,15334
202508,wkdy,11230,common_6months,FLOW_POP_CNT_FRI,7577308.66,15334
202508,wkdy,11230,common_6months,FLOW_POP_CNT_SAT,6190867.9,15334
202508,wkdy,11230,common_6months,FLOW_POP_CNT_SUN,5098186.1,15334
202509,wkdy,11230,all_observed,FLOW_POP_CNT_MON,7956448.21,15449
202509,wkdy,11230,all_observed,FLOW_POP_CNT_TUS,8184641.819999998,15449
202509,wkdy,11230,all_observed,FLOW_POP_CNT_WED,8113728.030000001,15449
202509,wkdy,11230,all_observed,FLOW_POP_CNT_THU,8260317.59,15449
202509,wkdy,11230,all_observed,FLOW_POP_CNT_FRI,8371231.74,15449
202509,wkdy,11230,all_observed,FLOW_POP_CNT_SAT,6669537.17,15449
202509,wkdy,11230,all_observed,FLOW_POP_CNT_SUN,5405445.5600000005,15449
202509,wkdy,11230,common_6months,FLOW_POP_CNT_MON,7955062.57,15334
202509,wkdy,11230,common_6months,FLOW_POP_CNT_TUS,8183284.45,15334
202509,wkdy,11230,common_6months,FLOW_POP_CNT_WED,8112372.970000001,15334
202509,wkdy,11230,common_6months,FLOW_POP_CNT_THU,8258947.02,15334
202509,wkdy,11230,common_6months,FLOW_POP_CNT_FRI,8369857.6899999995,15334
202509,wkdy,11230,common_6months,FLOW_POP_CNT_SAT,6669135.76,15334
202509,wkdy,11230,common_6months,FLOW_POP_CNT_SUN,5405034.7299999995,15334
202510,wkdy,11230,all_observed,FLOW_POP_CNT_MON,7060398.24,15486
202510,wkdy,11230,all_observed,FLOW_POP_CNT_TUS,7560375.5200000005,15486
202510,wkdy,11230,all_observed,FLOW_POP_CNT_WED,7871257.840000001,15486
202510,wkdy,11230,all_observed,FLOW_POP_CNT_THU,7896057.15,15486
202510,wkdy,11230,all_observed,FLOW_POP_CNT_FRI,7724736.55,15486
202510,wkdy,11230,all_observed,FLOW_POP_CNT_SAT,6188188.999999999,15486
202510,wkdy,11230,all_observed,FLOW_POP_CNT_SUN,5103565.390000001,15486
202510,wkdy,11230,common_6months,FLOW_POP_CNT_MON,7058761.93,15334
202510,wkdy,11230,common_6months,FLOW_POP_CNT_TUS,7558726.719999999,15334
202510,wkdy,11230,common_6months,FLOW_POP_CNT_WED,7869491.470000001,15334
202510,wkdy,11230,common_6months,FLOW_POP_CNT_THU,7894272.2700000005,15334
202510,wkdy,11230,common_6months,FLOW_POP_CNT_FRI,7723020.329999999,15334
202510,wkdy,11230,common_6months,FLOW_POP_CNT_SAT,6187657.54,15334
202510,wkdy,11230,common_6months,FLOW_POP_CNT_SUN,5103037.73,15334
202511,wkdy,11230,all_observed,FLOW_POP_CNT_MON,8024717.46,15510
202511,wkdy,11230,all_observed,FLOW_POP_CNT_TUS,8251590.880000001,15510
202511,wkdy,11230,all_observed,FLOW_POP_CNT_WED,8277637.859999999,15510
202511,wkdy,11230,all_observed,FLOW_POP_CNT_THU,8100477.09,15510
202511,wkdy,11230,all_observed,FLOW_POP_CNT_FRI,8237672.58,15510
202511,wkdy,11230,all_observed,FLOW_POP_CNT_SAT,6647197.93,15510
202511,wkdy,11230,all_observed,FLOW_POP_CNT_SUN,5394848.08,15510
202511,wkdy,11230,common_6months,FLOW_POP_CNT_MON,8022596.8,15334
202511,wkdy,11230,common_6months,FLOW_POP_CNT_TUS,8249521.15,15334
202511,wkdy,11230,common_6months,FLOW_POP_CNT_WED,8275515.29,15334
202511,wkdy,11230,common_6months,FLOW_POP_CNT_THU,8098401.859999999,15334
202511,wkdy,11230,common_6months,FLOW_POP_CNT_FRI,8235590.59,15334
202511,wkdy,11230,common_6months,FLOW_POP_CNT_SAT,6646540.92,15334
202511,wkdy,11230,common_6months,FLOW_POP_CNT_SUN,5394192.46,15334
202512,wkdy,11230,all_observed,FLOW_POP_CNT_MON,7730594.1,15523
202512,wkdy,11230,all_observed,FLOW_POP_CNT_TUS,8019278.29,15523
202512,wkdy,11230,all_observed,FLOW_POP_CNT_WED,7922500.550000001,15523
202512,wkdy,11230,all_observed,FLOW_POP_CNT_THU,7473813.15,15523
202512,wkdy,11230,all_observed,FLOW_POP_CNT_FRI,8014033.4799999995,15523
202512,wkdy,11230,all_observed,FLOW_POP_CNT_SAT,6384055.569999999,15523
202512,wkdy,11230,all_observed,FLOW_POP_CNT_SUN,5273681.109999999,15523
202512,wkdy,11230,common_6months,FLOW_POP_CNT_MON,7728323.98,15334
202512,wkdy,11230,common_6months,FLOW_POP_CNT_TUS,8017007.4399999995,15334
202512,wkdy,11230,common_6months,FLOW_POP_CNT_WED,7920186.869999999,15334
202512,wkdy,11230,common_6months,FLOW_POP_CNT_THU,7471580.39,15334
202512,wkdy,11230,common_6months,FLOW_POP_CNT_FRI,8011738.49,15334
202512,wkdy,11230,common_6months,FLOW_POP_CNT_SAT,6383338.84,15334
202512,wkdy,11230,common_6months,FLOW_POP_CNT_SUN,5272959.640000001,15334
202507,wkdy,11240,all_observed,FLOW_POP_CNT_MON,9.07,1
202507,wkdy,11240,all_observed,FLOW_POP_CNT_TUS,9.27,1
202507,wkdy,11240,all_observed,FLOW_POP_CNT_WED,9.22,1
202507,wkdy,11240,all_observed,FLOW_POP_CNT_THU,9.32,1
202507,wkdy,11240,all_observed,FLOW_POP_CNT_FRI,9.45,1
202507,wkdy,11240,all_observed,FLOW_POP_CNT_SAT,6.65,1
202507,wkdy,11240,all_observed,FLOW_POP_CNT_SUN,6.22,1
202507,wkdy,11240,common_6months,FLOW_POP_CNT_MON,9.07,1
202507,wkdy,11240,common_6months,FLOW_POP_CNT_TUS,9.27,1
202507,wkdy,11240,common_6months,FLOW_POP_CNT_WED,9.22,1
202507,wkdy,11240,common_6months,FLOW_POP_CNT_THU,9.32,1
202507,wkdy,11240,common_6months,FLOW_POP_CNT_FRI,9.45,1
202507,wkdy,11240,common_6months,FLOW_POP_CNT_SAT,6.65,1
202507,wkdy,11240,common_6months,FLOW_POP_CNT_SUN,6.22,1
202508,wkdy,11240,all_observed,FLOW_POP_CNT_MON,8.76,1
202508,wkdy,11240,all_observed,FLOW_POP_CNT_TUS,9.07,1
202508,wkdy,11240,all_observed,FLOW_POP_CNT_WED,8.69,1
202508,wkdy,11240,all_observed,FLOW_POP_CNT_THU,9.02,1
202508,wkdy,11240,all_observed,FLOW_POP_CNT_FRI,8.79,1
202508,wkdy,11240,all_observed,FLOW_POP_CNT_SAT,6.32,1
202508,wkdy,11240,all_observed,FLOW_POP_CNT_SUN,5.97,1
202508,wkdy,11240,common_6months,FLOW_POP_CNT_MON,8.76,1
202508,wkdy,11240,common_6months,FLOW_POP_CNT_TUS,9.07,1
202508,wkdy,11240,common_6months,FLOW_POP_CNT_WED,8.69,1
202508,wkdy,11240,common_6months,FLOW_POP_CNT_THU,9.02,1
202508,wkdy,11240,common_6months,FLOW_POP_CNT_FRI,8.79,1
202508,wkdy,11240,common_6months,FLOW_POP_CNT_SAT,6.32,1
202508,wkdy,11240,common_6months,FLOW_POP_CNT_SUN,5.97,1
202509,wkdy,11240,all_observed,FLOW_POP_CNT_MON,8.38,1
202509,wkdy,11240,all_observed,FLOW_POP_CNT_TUS,8.51,1
202509,wkdy,11240,all_observed,FLOW_POP_CNT_WED,8.41,1
202509,wkdy,11240,all_observed,FLOW_POP_CNT_THU,8.56,1
202509,wkdy,11240,all_observed,FLOW_POP_CNT_FRI,8.38,1
202509,wkdy,11240,all_observed,FLOW_POP_CNT_SAT,6.2,1
202509,wkdy,11240,all_observed,FLOW_POP_CNT_SUN,5.92,1
202509,wkdy,11240,common_6months,FLOW_POP_CNT_MON,8.38,1
202509,wkdy,11240,common_6months,FLOW_POP_CNT_TUS,8.51,1
202509,wkdy,11240,common_6months,FLOW_POP_CNT_WED,8.41,1
202509,wkdy,11240,common_6months,FLOW_POP_CNT_THU,8.56,1
202509,wkdy,11240,common_6months,FLOW_POP_CNT_FRI,8.38,1
202509,wkdy,11240,common_6months,FLOW_POP_CNT_SAT,6.2,1
202509,wkdy,11240,common_6months,FLOW_POP_CNT_SUN,5.92,1
202510,wkdy,11240,all_observed,FLOW_POP_CNT_MON,8.0,1
202510,wkdy,11240,all_observed,FLOW_POP_CNT_TUS,7.95,1
202510,wkdy,11240,all_observed,FLOW_POP_CNT_WED,8.33,1
202510,wkdy,11240,all_observed,FLOW_POP_CNT_THU,8.15,1
202510,wkdy,11240,all_observed,FLOW_POP_CNT_FRI,8.13,1
202510,wkdy,11240,all_observed,FLOW_POP_CNT_SAT,5.74,1
202510,wkdy,11240,all_observed,FLOW_POP_CNT_SUN,5.61,1
202510,wkdy,11240,common_6months,FLOW_POP_CNT_MON,8.0,1
202510,wkdy,11240,common_6months,FLOW_POP_CNT_TUS,7.95,1
202510,wkdy,11240,common_6months,FLOW_POP_CNT_WED,8.33,1
202510,wkdy,11240,common_6months,FLOW_POP_CNT_THU,8.15,1
202510,wkdy,11240,common_6months,FLOW_POP_CNT_FRI,8.13,1
202510,wkdy,11240,common_6months,FLOW_POP_CNT_SAT,5.74,1
202510,wkdy,11240,common_6months,FLOW_POP_CNT_SUN,5.61,1
202511,wkdy,11240,all_observed,FLOW_POP_CNT_MON,7.92,1
202511,wkdy,11240,all_observed,FLOW_POP_CNT_TUS,8.03,1
202511,wkdy,11240,all_observed,FLOW_POP_CNT_WED,8.1,1
202511,wkdy,11240,all_observed,FLOW_POP_CNT_THU,7.82,1
202511,wkdy,11240,all_observed,FLOW_POP_CNT_FRI,8.15,1
202511,wkdy,11240,all_observed,FLOW_POP_CNT_SAT,5.77,1
202511,wkdy,11240,all_observed,FLOW_POP_CNT_SUN,5.59,1
202511,wkdy,11240,common_6months,FLOW_POP_CNT_MON,7.92,1
202511,wkdy,11240,common_6months,FLOW_POP_CNT_TUS,8.03,1
202511,wkdy,11240,common_6months,FLOW_POP_CNT_WED,8.1,1
202511,wkdy,11240,common_6months,FLOW_POP_CNT_THU,7.82,1
202511,wkdy,11240,common_6months,FLOW_POP_CNT_FRI,8.15,1
202511,wkdy,11240,common_6months,FLOW_POP_CNT_SAT,5.77,1
202511,wkdy,11240,common_6months,FLOW_POP_CNT_SUN,5.59,1
202512,wkdy,11240,all_observed,FLOW_POP_CNT_MON,7.49,1
202512,wkdy,11240,all_observed,FLOW_POP_CNT_TUS,7.7,1
202512,wkdy,11240,all_observed,FLOW_POP_CNT_WED,7.75,1
202512,wkdy,11240,all_observed,FLOW_POP_CNT_THU,7.47,1
202512,wkdy,11240,all_observed,FLOW_POP_CNT_FRI,7.77,1
202512,wkdy,11240,all_observed,FLOW_POP_CNT_SAT,5.18,1
202512,wkdy,11240,all_observed,FLOW_POP_CNT_SUN,5.18,1
202512,wkdy,11240,common_6months,FLOW_POP_CNT_MON,7.49,1
202512,wkdy,11240,common_6months,FLOW_POP_CNT_TUS,7.7,1
202512,wkdy,11240,common_6months,FLOW_POP_CNT_WED,7.75,1
202512,wkdy,11240,common_6months,FLOW_POP_CNT_THU,7.47,1
202512,wkdy,11240,common_6months,FLOW_POP_CNT_FRI,7.77,1
202512,wkdy,11240,common_6months,FLOW_POP_CNT_SAT,5.18,1
202512,wkdy,11240,common_6months,FLOW_POP_CNT_SUN,5.18,1
202507,wkdy,31370,all_observed,FLOW_POP_CNT_MON,14.049999999999997,17
202507,wkdy,31370,all_observed,FLOW_POP_CNT_TUS,14.88,17
202507,wkdy,31370,all_observed,FLOW_POP_CNT_WED,14.590000000000002,17
202507,wkdy,31370,all_observed,FLOW_POP_CNT_THU,14.440000000000001,17
202507,wkdy,31370,all_observed,FLOW_POP_CNT_FRI,14.25,17
202507,wkdy,31370,all_observed,FLOW_POP_CNT_SAT,15.250000000000002,17
202507,wkdy,31370,all_observed,FLOW_POP_CNT_SUN,17.15,17
202507,wkdy,31370,common_6months,FLOW_POP_CNT_MON,14.049999999999997,17
202507,wkdy,31370,common_6months,FLOW_POP_CNT_TUS,14.88,17
202507,wkdy,31370,common_6months,FLOW_POP_CNT_WED,14.590000000000002,17
202507,wkdy,31370,common_6months,FLOW_POP_CNT_THU,14.440000000000001,17
202507,wkdy,31370,common_6months,FLOW_POP_CNT_FRI,14.25,17
202507,wkdy,31370,common_6months,FLOW_POP_CNT_SAT,15.250000000000002,17
202507,wkdy,31370,common_6months,FLOW_POP_CNT_SUN,17.15,17
202508,wkdy,31370,all_observed,FLOW_POP_CNT_MON,15.940000000000001,17
202508,wkdy,31370,all_observed,FLOW_POP_CNT_TUS,16.0,17
202508,wkdy,31370,all_observed,FLOW_POP_CNT_WED,14.96,17
202508,wkdy,31370,all_observed,FLOW_POP_CNT_THU,14.93,17
202508,wkdy,31370,all_observed,FLOW_POP_CNT_FRI,18.15,17
202508,wkdy,31370,all_observed,FLOW_POP_CNT_SAT,18.549999999999997,17
202508,wkdy,31370,all_observed,FLOW_POP_CNT_SUN,16.259999999999998,17
202508,wkdy,31370,common_6months,FLOW_POP_CNT_MON,15.940000000000001,17
202508,wkdy,31370,common_6months,FLOW_POP_CNT_TUS,16.0,17
202508,wkdy,31370,common_6months,FLOW_POP_CNT_WED,14.96,17
202508,wkdy,31370,common_6months,FLOW_POP_CNT_THU,14.93,17
202508,wkdy,31370,common_6months,FLOW_POP_CNT_FRI,18.15,17
202508,wkdy,31370,common_6months,FLOW_POP_CNT_SAT,18.549999999999997,17
202508,wkdy,31370,common_6months,FLOW_POP_CNT_SUN,16.259999999999998,17
202509,wkdy,31370,all_observed,FLOW_POP_CNT_MON,13.71,18
202509,wkdy,31370,all_observed,FLOW_POP_CNT_TUS,15.29,18
202509,wkdy,31370,all_observed,FLOW_POP_CNT_WED,13.05,18
202509,wkdy,31370,all_observed,FLOW_POP_CNT_THU,14.18,18
202509,wkdy,31370,all_observed,FLOW_POP_CNT_FRI,14.93,18
202509,wkdy,31370,all_observed,FLOW_POP_CNT_SAT,13.229999999999999,18
202509,wkdy,31370,all_observed,FLOW_POP_CNT_SUN,14.430000000000001,18
202509,wkdy,31370,common_6months,FLOW_POP_CNT_MON,13.63,17
202509,wkdy,31370,common_6months,FLOW_POP_CNT_TUS,15.209999999999999,17
202509,wkdy,31370,common_6months,FLOW_POP_CNT_WED,13.0,17
202509,wkdy,31370,common_6months,FLOW_POP_CNT_THU,14.100000000000001,17
202509,wkdy,31370,common_6months,FLOW_POP_CNT_FRI,14.829999999999998,17
202509,wkdy,31370,common_6months,FLOW_POP_CNT_SAT,13.08,17
202509,wkdy,31370,common_6months,FLOW_POP_CNT_SUN,14.33,17
202510,wkdy,31370,all_observed,FLOW_POP_CNT_MON,12.13,19
202510,wkdy,31370,all_observed,FLOW_POP_CNT_TUS,13.469999999999999,19
202510,wkdy,31370,all_observed,FLOW_POP_CNT_WED,15.239999999999998,19
202510,wkdy,31370,all_observed,FLOW_POP_CNT_THU,15.4,19
202510,wkdy,31370,all_observed,FLOW_POP_CNT_FRI,14.320000000000002,19
202510,wkdy,31370,all_observed,FLOW_POP_CNT_SAT,12.32,19
202510,wkdy,31370,all_observed,FLOW_POP_CNT_SUN,12.82,19
202510,wkdy,31370,common_6months,FLOW_POP_CNT_MON,11.850000000000001,17
202510,wkdy,31370,common_6months,FLOW_POP_CNT_TUS,13.16,17
202510,wkdy,31370,common_6months,FLOW_POP_CNT_WED,14.93,17
202510,wkdy,31370,common_6months,FLOW_POP_CNT_THU,15.09,17
202510,wkdy,31370,common_6months,FLOW_POP_CNT_FRI,13.99,17
202510,wkdy,31370,common_6months,FLOW_POP_CNT_SAT,12.17,17
202510,wkdy,31370,common_6months,FLOW_POP_CNT_SUN,12.670000000000002,17
202511,wkdy,31370,all_observed,FLOW_POP_CNT_MON,9.350000000000001,19
202511,wkdy,31370,all_observed,FLOW_POP_CNT_TUS,10.93,19
202511,wkdy,31370,all_observed,FLOW_POP_CNT_WED,10.469999999999999,19
202511,wkdy,31370,all_observed,FLOW_POP_CNT_THU,9.920000000000002,19
202511,wkdy,31370,all_observed,FLOW_POP_CNT_FRI,9.48,19
202511,wkdy,31370,all_observed,FLOW_POP_CNT_SAT,8.78,19
202511,wkdy,31370,all_observed,FLOW_POP_CNT_SUN,8.51,19
202511,wkdy,31370,common_6months,FLOW_POP_CNT_MON,9.15,17
202511,wkdy,31370,common_6months,FLOW_POP_CNT_TUS,10.75,17
202511,wkdy,31370,common_6months,FLOW_POP_CNT_WED,10.27,17
202511,wkdy,31370,common_6months,FLOW_POP_CNT_THU,9.719999999999999,17
202511,wkdy,31370,common_6months,FLOW_POP_CNT_FRI,9.25,17
202511,wkdy,31370,common_6months,FLOW_POP_CNT_SAT,8.629999999999999,17
202511,wkdy,31370,common_6months,FLOW_POP_CNT_SUN,8.379999999999999,17
202512,wkdy,31370,all_observed,FLOW_POP_CNT_MON,9.24,22
202512,wkdy,31370,all_observed,FLOW_POP_CNT_TUS,10.32,22
202512,wkdy,31370,all_observed,FLOW_POP_CNT_WED,9.56,22
202512,wkdy,31370,all_observed,FLOW_POP_CNT_THU,9.25,22
202512,wkdy,31370,all_observed,FLOW_POP_CNT_FRI,9.22,22
202512,wkdy,31370,all_observed,FLOW_POP_CNT_SAT,5.920000000000003,22
202512,wkdy,31370,all_observed,FLOW_POP_CNT_SUN,6.370000000000001,22
202512,wkdy,31370,common_6months,FLOW_POP_CNT_MON,8.88,17
202512,wkdy,31370,common_6months,FLOW_POP_CNT_TUS,9.98,17
202512,wkdy,31370,common_6months,FLOW_POP_CNT_WED,9.23,17
202512,wkdy,31370,common_6months,FLOW_POP_CNT_THU,8.91,17
202512,wkdy,31370,common_6months,FLOW_POP_CNT_FRI,8.81,17
202512,wkdy,31370,common_6months,FLOW_POP_CNT_SAT,5.760000000000001,17
202512,wkdy,31370,common_6months,FLOW_POP_CNT_SUN,6.16,17
202507,wkdy,32010,all_observed,FLOW_POP_CNT_MON,1810554.68,102349
202507,wkdy,32010,all_observed,FLOW_POP_CNT_TUS,1810494.7000000002,102349
202507,wkdy,32010,all_observed,FLOW_POP_CNT_WED,1807320.08,102349
202507,wkdy,32010,all_observed,FLOW_POP_CNT_THU,1799101.29,102349
202507,wkdy,32010,all_observed,FLOW_POP_CNT_FRI,1885536.9899999998,102349
202507,wkdy,32010,all_observed,FLOW_POP_CNT_SAT,1837843.6400000001,102349
202507,wkdy,32010,all_observed,FLOW_POP_CNT_SUN,1644217.75,102349
202507,wkdy,32010,common_6months,FLOW_POP_CNT_MON,1805547.83,97283
202507,wkdy,32010,common_6months,FLOW_POP_CNT_TUS,1805518.3900000001,97283
202507,wkdy,32010,common_6months,FLOW_POP_CNT_WED,1802349.6300000001,97283
202507,wkdy,32010,common_6months,FLOW_POP_CNT_THU,1794136.58,97283
202507,wkdy,32010,common_6months,FLOW_POP_CNT_FRI,1880245.7799999998,97283
202507,wkdy,32010,common_6months,FLOW_POP_CNT_SAT,1831905.4700000002,97283
202507,wkdy,32010,common_6months,FLOW_POP_CNT_SUN,1638875.9,97283
202508,wkdy,32010,all_observed,FLOW_POP_CNT_MON,1878962.5999999996,103436
202508,wkdy,32010,all_observed,FLOW_POP_CNT_TUS,1876559.37,103436
202508,wkdy,32010,all_observed,FLOW_POP_CNT_WED,1827804.6,103436
202508,wkdy,32010,all_observed,FLOW_POP_CNT_THU,1883613.59,103436
202508,wkdy,32010,all_observed,FLOW_POP_CNT_FRI,1949107.44,103436
202508,wkdy,32010,all_observed,FLOW_POP_CNT_SAT,1921018.95,103436
202508,wkdy,32010,all_observed,FLOW_POP_CNT_SUN,1714637.8399999999,103436
202508,wkdy,32010,common_6months,FLOW_POP_CNT_MON,1872640.43,97283
202508,wkdy,32010,common_6months,FLOW_POP_CNT_TUS,1870255.64,97283
202508,wkdy,32010,common_6months,FLOW_POP_CNT_WED,1821931.54,97283
202508,wkdy,32010,common_6months,FLOW_POP_CNT_THU,1877294.3399999999,97283
202508,wkdy,32010,common_6months,FLOW_POP_CNT_FRI,1941423.8900000001,97283
202508,wkdy,32010,common_6months,FLOW_POP_CNT_SAT,1913446.02,97283
202508,wkdy,32010,common_6months,FLOW_POP_CNT_SUN,1708193.9900000002,97283
202509,wkdy,32010,all_observed,FLOW_POP_CNT_MON,1988276.44,104306
202509,wkdy,32010,all_observed,FLOW_POP_CNT_TUS,2012497.5299999998,104306
202509,wkdy,32010,all_observed,FLOW_POP_CNT_WED,1977826.21,104306
202509,wkdy,32010,all_observed,FLOW_POP_CNT_THU,2017801.9700000002,104306
202509,wkdy,32010,all_observed,FLOW_POP_CNT_FRI,2010472.8899999997,104306
202509,wkdy,32010,all_observed,FLOW_POP_CNT_SAT,1923156.4999999998,104306
202509,wkdy,32010,all_observed,FLOW_POP_CNT_SUN,1757289.49,104306
202509,wkdy,32010,common_6months,FLOW_POP_CNT_MON,1980753.27,97283
202509,wkdy,32010,common_6months,FLOW_POP_CNT_TUS,2004773.4599999997,97283
202509,wkdy,32010,common_6months,FLOW_POP_CNT_WED,1970563.3000000003,97283
202509,wkdy,32010,common_6months,FLOW_POP_CNT_THU,2009918.0500000003,97283
202509,wkdy,32010,common_6months,FLOW_POP_CNT_FRI,2002027.1400000001,97283
202509,wkdy,32010,common_6months,FLOW_POP_CNT_SAT,1914570.6900000002,97283
202509,wkdy,32010,common_6months,FLOW_POP_CNT_SUN,1749289.6099999999,97283
202510,wkdy,32010,all_observed,FLOW_POP_CNT_MON,1835551.11,105046
202510,wkdy,32010,all_observed,FLOW_POP_CNT_TUS,1858106.86,105046
202510,wkdy,32010,all_observed,FLOW_POP_CNT_WED,1934472.95,105046
202510,wkdy,32010,all_observed,FLOW_POP_CNT_THU,1917872.1599999997,105046
202510,wkdy,32010,all_observed,FLOW_POP_CNT_FRI,1930392.7000000002,105046
202510,wkdy,32010,all_observed,FLOW_POP_CNT_SAT,1940424.9300000002,105046
202510,wkdy,32010,all_observed,FLOW_POP_CNT_SUN,1808409.75,105046
202510,wkdy,32010,common_6months,FLOW_POP_CNT_MON,1826155.39,97283
202510,wkdy,32010,common_6months,FLOW_POP_CNT_TUS,1848683.54,97283
202510,wkdy,32010,common_6months,FLOW_POP_CNT_WED,1924434.01,97283
202510,wkdy,32010,common_6months,FLOW_POP_CNT_THU,1908284.3599999999,97283
202510,wkdy,32010,common_6months,FLOW_POP_CNT_FRI,1920641.56,97283
202510,wkdy,32010,common_6months,FLOW_POP_CNT_SAT,1930797.04,97283
202510,wkdy,32010,common_6months,FLOW_POP_CNT_SUN,1798876.8199999998,97283
202511,wkdy,32010,all_observed,FLOW_POP_CNT_MON,1893630.23,106630
202511,wkdy,32010,all_observed,FLOW_POP_CNT_TUS,1879892.98,106630
202511,wkdy,32010,all_observed,FLOW_POP_CNT_WED,1900716.8399999999,106630
202511,wkdy,32010,all_observed,FLOW_POP_CNT_THU,1871570.75,106630
202511,wkdy,32010,all_observed,FLOW_POP_CNT_FRI,1934463.57,106630
202511,wkdy,32010,all_observed,FLOW_POP_CNT_SAT,1904287.45,106630
202511,wkdy,32010,all_observed,FLOW_POP_CNT_SUN,1701305.79,106630
202511,wkdy,32010,common_6months,FLOW_POP_CNT_MON,1878298.0799999998,97283
202511,wkdy,32010,common_6months,FLOW_POP_CNT_TUS,1865095.24,97283
202511,wkdy,32010,common_6months,FLOW_POP_CNT_WED,1885658.9500000002,97283
202511,wkdy,32010,common_6months,FLOW_POP_CNT_THU,1856408.98,97283
202511,wkdy,32010,common_6months,FLOW_POP_CNT_FRI,1917611.2200000002,97283
202511,wkdy,32010,common_6months,FLOW_POP_CNT_SAT,1884654.25,97283
202511,wkdy,32010,common_6months,FLOW_POP_CNT_SUN,1684395.6099999999,97283
202512,wkdy,32010,all_observed,FLOW_POP_CNT_MON,1781749.7400000002,105648
202512,wkdy,32010,all_observed,FLOW_POP_CNT_TUS,1821858.89,105648
202512,wkdy,32010,all_observed,FLOW_POP_CNT_WED,1851320.0000000002,105648
202512,wkdy,32010,all_observed,FLOW_POP_CNT_THU,1780856.2300000002,105648
202512,wkdy,32010,all_observed,FLOW_POP_CNT_FRI,1858249.88,105648
202512,wkdy,32010,all_observed,FLOW_POP_CNT_SAT,1736128.7800000003,105648
202512,wkdy,32010,all_observed,FLOW_POP_CNT_SUN,1584982.5000000002,105648
202512,wkdy,32010,common_6months,FLOW_POP_CNT_MON,1768061.0199999998,97283
202512,wkdy,32010,common_6months,FLOW_POP_CNT_TUS,1808199.52,97283
202512,wkdy,32010,common_6months,FLOW_POP_CNT_WED,1837376.37,97283
202512,wkdy,32010,common_6months,FLOW_POP_CNT_THU,1766817.3599999999,97283
202512,wkdy,32010,common_6months,FLOW_POP_CNT_FRI,1843643.2600000002,97283
202512,wkdy,32010,common_6months,FLOW_POP_CNT_SAT,1721935.69,97283
202512,wkdy,32010,common_6months,FLOW_POP_CNT_SUN,1571465.21,97283
202507,wkdy,32310,all_observed,FLOW_POP_CNT_MON,28.08,15
202507,wkdy,32310,all_observed,FLOW_POP_CNT_TUS,26.000000000000004,15
202507,wkdy,32310,all_observed,FLOW_POP_CNT_WED,25.930000000000003,15
202507,wkdy,32310,all_observed,FLOW_POP_CNT_THU,28.469999999999995,15
202507,wkdy,32310,all_observed,FLOW_POP_CNT_FRI,31.159999999999997,15
202507,wkdy,32310,all_observed,FLOW_POP_CNT_SAT,51.629999999999995,15
202507,wkdy,32310,all_observed,FLOW_POP_CNT_SUN,46.330000000000005,15
202507,wkdy,32310,common_6months,FLOW_POP_CNT_MON,27.19,14
202507,wkdy,32310,common_6months,FLOW_POP_CNT_TUS,25.16,14
202507,wkdy,32310,common_6months,FLOW_POP_CNT_WED,24.91,14
202507,wkdy,32310,common_6months,FLOW_POP_CNT_THU,27.249999999999996,14
202507,wkdy,32310,common_6months,FLOW_POP_CNT_FRI,30.119999999999997,14
202507,wkdy,32310,common_6months,FLOW_POP_CNT_SAT,51.3,14
202507,wkdy,32310,common_6months,FLOW_POP_CNT_SUN,46.050000000000004,14
202508,wkdy,32310,all_observed,FLOW_POP_CNT_MON,28.4,15
202508,wkdy,32310,all_observed,FLOW_POP_CNT_TUS,26.4,15
202508,wkdy,32310,all_observed,FLOW_POP_CNT_WED,24.970000000000002,15
202508,wkdy,32310,all_observed,FLOW_POP_CNT_THU,27.46,15
202508,wkdy,32310,all_observed,FLOW_POP_CNT_FRI,37.68,15
202508,wkdy,32310,all_observed,FLOW_POP_CNT_SAT,56.53,15
202508,wkdy,32310,all_observed,FLOW_POP_CNT_SUN,45.61,15
202508,wkdy,32310,common_6months,FLOW_POP_CNT_MON,27.36,14
202508,wkdy,32310,common_6months,FLOW_POP_CNT_TUS,25.490000000000002,14
202508,wkdy,32310,common_6months,FLOW_POP_CNT_WED,23.950000000000003,14
202508,wkdy,32310,common_6months,FLOW_POP_CNT_THU,26.47,14
202508,wkdy,32310,common_6months,FLOW_POP_CNT_FRI,36.46,14
202508,wkdy,32310,common_6months,FLOW_POP_CNT_SAT,56.150000000000006,14
202508,wkdy,32310,common_6months,FLOW_POP_CNT_SUN,45.35999999999999,14
202509,wkdy,32310,all_observed,FLOW_POP_CNT_MON,24.32,15
202509,wkdy,32310,all_observed,FLOW_POP_CNT_TUS,23.28,15
202509,wkdy,32310,all_observed,FLOW_POP_CNT_WED,21.98,15
202509,wkdy,32310,all_observed,FLOW_POP_CNT_THU,23.740000000000002,15
202509,wkdy,32310,all_observed,FLOW_POP_CNT_FRI,27.379999999999995,15
202509,wkdy,32310,all_observed,FLOW_POP_CNT_SAT,40.410000000000004,15
202509,wkdy,32310,all_observed,FLOW_POP_CNT_SUN,33.06,15
202509,wkdy,32310,common_6months,FLOW_POP_CNT_MON,23.46,14
202509,wkdy,32310,common_6months,FLOW_POP_CNT_TUS,22.419999999999998,14
202509,wkdy,32310,common_6months,FLOW_POP_CNT_WED,21.24,14
202509,wkdy,32310,common_6months,FLOW_POP_CNT_THU,22.83,14
202509,wkdy,32310,common_6months,FLOW_POP_CNT_FRI,26.389999999999997,14
202509,wkdy,32310,common_6months,FLOW_POP_CNT_SAT,40.11000000000001,14
202509,wkdy,32310,common_6months,FLOW_POP_CNT_SUN,32.86,14
202510,wkdy,32310,all_observed,FLOW_POP_CNT_MON,34.370000000000005,15
202510,wkdy,32310,all_observed,FLOW_POP_CNT_TUS,29.1,15
202510,wkdy,32310,all_observed,FLOW_POP_CNT_WED,29.71,15
202510,wkdy,32310,all_observed,FLOW_POP_CNT_THU,27.29,15
202510,wkdy,32310,all_observed,FLOW_POP_CNT_FRI,29.950000000000003,15
202510,wkdy,32310,all_observed,FLOW_POP_CNT_SAT,45.540000000000006,15
202510,wkdy,32310,all_observed,FLOW_POP_CNT_SUN,38.71,15
202510,wkdy,32310,common_6months,FLOW_POP_CNT_MON,32.870000000000005,14
202510,wkdy,32310,common_6months,FLOW_POP_CNT_TUS,27.88,14
202510,wkdy,32310,common_6months,FLOW_POP_CNT_WED,28.85,14
202510,wkdy,32310,common_6months,FLOW_POP_CNT_THU,26.25,14
202510,wkdy,32310,common_6months,FLOW_POP_CNT_FRI,29.01,14
202510,wkdy,32310,common_6months,FLOW_POP_CNT_SAT,45.31000000000001,14
202510,wkdy,32310,common_6months,FLOW_POP_CNT_SUN,38.38,14
202511,wkdy,32310,all_observed,FLOW_POP_CNT_MON,13.8,14
202511,wkdy,32310,all_observed,FLOW_POP_CNT_TUS,13.22,14
202511,wkdy,32310,all_observed,FLOW_POP_CNT_WED,12.640000000000002,14
202511,wkdy,32310,all_observed,FLOW_POP_CNT_THU,12.75,14
202511,wkdy,32310,all_observed,FLOW_POP_CNT_FRI,16.15,14
202511,wkdy,32310,all_observed,FLOW_POP_CNT_SAT,32.35,14
202511,wkdy,32310,all_observed,FLOW_POP_CNT_SUN,25.049999999999994,14
202511,wkdy,32310,common_6months,FLOW_POP_CNT_MON,13.8,14
202511,wkdy,32310,common_6months,FLOW_POP_CNT_TUS,13.22,14
202511,wkdy,32310,common_6months,FLOW_POP_CNT_WED,12.640000000000002,14
202511,wkdy,32310,common_6months,FLOW_POP_CNT_THU,12.75,14
202511,wkdy,32310,common_6months,FLOW_POP_CNT_FRI,16.15,14
202511,wkdy,32310,common_6months,FLOW_POP_CNT_SAT,32.35,14
202511,wkdy,32310,common_6months,FLOW_POP_CNT_SUN,25.049999999999994,14
202512,wkdy,32310,all_observed,FLOW_POP_CNT_MON,10.719999999999999,14
202512,wkdy,32310,all_observed,FLOW_POP_CNT_TUS,10.65,14
202512,wkdy,32310,all_observed,FLOW_POP_CNT_WED,10.25,14
202512,wkdy,32310,all_observed,FLOW_POP_CNT_THU,10.25,14
202512,wkdy,32310,all_observed,FLOW_POP_CNT_FRI,12.19,14
202512,wkdy,32310,all_observed,FLOW_POP_CNT_SAT,19.730000000000004,14
202512,wkdy,32310,all_observed,FLOW_POP_CNT_SUN,17.389999999999997,14
202512,wkdy,32310,common_6months,FLOW_POP_CNT_MON,10.719999999999999,14
202512,wkdy,32310,common_6months,FLOW_POP_CNT_TUS,10.65,14
202512,wkdy,32310,common_6months,FLOW_POP_CNT_WED,10.25,14
202512,wkdy,32310,common_6months,FLOW_POP_CNT_THU,10.25,14
202512,wkdy,32310,common_6months,FLOW_POP_CNT_FRI,12.19,14
202512,wkdy,32310,common_6months,FLOW_POP_CNT_SAT,19.730000000000004,14
202512,wkdy,32310,common_6months,FLOW_POP_CNT_SUN,17.389999999999997,14
202507,wkdy,32370,all_observed,FLOW_POP_CNT_MON,23.34,60
202507,wkdy,32370,all_observed,FLOW_POP_CNT_TUS,23.93,60
202507,wkdy,32370,all_observed,FLOW_POP_CNT_WED,23.93,60
202507,wkdy,32370,all_observed,FLOW_POP_CNT_THU,24.490000000000002,60
202507,wkdy,32370,all_observed,FLOW_POP_CNT_FRI,25.14,60
202507,wkdy,32370,all_observed,FLOW_POP_CNT_SAT,35.5,60
202507,wkdy,32370,all_observed,FLOW_POP_CNT_SUN,36.07,60
202507,wkdy,32370,common_6months,FLOW_POP_CNT_MON,23.28,45
202507,wkdy,32370,common_6months,FLOW_POP_CNT_TUS,23.83,45
202507,wkdy,32370,common_6months,FLOW_POP_CNT_WED,23.83,45
202507,wkdy,32370,common_6months,FLOW_POP_CNT_THU,24.360000000000003,45
202507,wkdy,32370,common_6months,FLOW_POP_CNT_FRI,25.050000000000004,45
202507,wkdy,32370,common_6months,FLOW_POP_CNT_SAT,34.54,45
202507,wkdy,32370,common_6months,FLOW_POP_CNT_SUN,35.21,45
202508,wkdy,32370,all_observed,FLOW_POP_CNT_MON,24.230000000000004,62
202508,wkdy,32370,all_observed,FLOW_POP_CNT_TUS,23.789999999999996,62
202508,wkdy,32370,all_observed,FLOW_POP_CNT_WED,21.599999999999998,62
202508,wkdy,32370,all_observed,FLOW_POP_CNT_THU,23.949999999999996,62
202508,wkdy,32370,all_observed,FLOW_POP_CNT_FRI,31.810000000000002,62
202508,wkdy,32370,all_observed,FLOW_POP_CNT_SAT,38.96,62
202508,wkdy,32370,all_observed,FLOW_POP_CNT_SUN,36.09,62
202508,wkdy,32370,common_6months,FLOW_POP_CNT_MON,24.170000000000005,45
202508,wkdy,32370,common_6months,FLOW_POP_CNT_TUS,23.689999999999994,45
202508,wkdy,32370,common_6months,FLOW_POP_CNT_WED,21.5,45
202508,wkdy,32370,common_6months,FLOW_POP_CNT_THU,23.79,45
202508,wkdy,32370,common_6months,FLOW_POP_CNT_FRI,31.589999999999996,45
202508,wkdy,32370,common_6months,FLOW_POP_CNT_SAT,38.11,45
202508,wkdy,32370,common_6months,FLOW_POP_CNT_SUN,35.44,45
202509,wkdy,32370,all_observed,FLOW_POP_CNT_MON,21.89,62
202509,wkdy,32370,all_observed,FLOW_POP_CNT_TUS,22.86,62
202509,wkdy,32370,all_observed,FLOW_POP_CNT_WED,20.850000000000005,62
202509,wkdy,32370,all_observed,FLOW_POP_CNT_THU,22.069999999999997,62
202509,wkdy,32370,all_observed,FLOW_POP_CNT_FRI,24.879999999999995,62
202509,wkdy,32370,all_observed,FLOW_POP_CNT_SAT,35.019999999999996,62
202509,wkdy,32370,all_observed,FLOW_POP_CNT_SUN,31.890000000000004,62
202509,wkdy,32370,common_6months,FLOW_POP_CNT_MON,21.759999999999998,45
202509,wkdy,32370,common_6months,FLOW_POP_CNT_TUS,22.64,45
202509,wkdy,32370,common_6months,FLOW_POP_CNT_WED,20.69,45
202509,wkdy,32370,common_6months,FLOW_POP_CNT_THU,21.84,45
202509,wkdy,32370,common_6months,FLOW_POP_CNT_FRI,24.660000000000004,45
202509,wkdy,32370,common_6months,FLOW_POP_CNT_SAT,34.13,45
202509,wkdy,32370,common_6months,FLOW_POP_CNT_SUN,31.23,45
202510,wkdy,32370,all_observed,FLOW_POP_CNT_MON,25.240000000000002,62
202510,wkdy,32370,all_observed,FLOW_POP_CNT_TUS,26.020000000000003,62
202510,wkdy,32370,all_observed,FLOW_POP_CNT_WED,26.51,62
202510,wkdy,32370,all_observed,FLOW_POP_CNT_THU,25.060000000000002,62
202510,wkdy,32370,all_observed,FLOW_POP_CNT_FRI,26.71,62
202510,wkdy,32370,all_observed,FLOW_POP_CNT_SAT,32.650000000000006,62
202510,wkdy,32370,all_observed,FLOW_POP_CNT_SUN,33.44,62
202510,wkdy,32370,common_6months,FLOW_POP_CNT_MON,25.080000000000005,45
202510,wkdy,32370,common_6months,FLOW_POP_CNT_TUS,25.800000000000004,45
202510,wkdy,32370,common_6months,FLOW_POP_CNT_WED,26.270000000000003,45
202510,wkdy,32370,common_6months,FLOW_POP_CNT_THU,24.839999999999996,45
202510,wkdy,32370,common_6months,FLOW_POP_CNT_FRI,26.490000000000002,45
202510,wkdy,32370,common_6months,FLOW_POP_CNT_SAT,31.8,45
202510,wkdy,32370,common_6months,FLOW_POP_CNT_SUN,32.62,45
202511,wkdy,32370,all_observed,FLOW_POP_CNT_MON,15.980000000000002,60
202511,wkdy,32370,all_observed,FLOW_POP_CNT_TUS,15.129999999999999,60
202511,wkdy,32370,all_observed,FLOW_POP_CNT_WED,15.190000000000001,60
202511,wkdy,32370,all_observed,FLOW_POP_CNT_THU,15.250000000000002,60
202511,wkdy,32370,all_observed,FLOW_POP_CNT_FRI,16.23,60
202511,wkdy,32370,all_observed,FLOW_POP_CNT_SAT,17.650000000000002,60
202511,wkdy,32370,all_observed,FLOW_POP_CNT_SUN,15.990000000000002,60
202511,wkdy,32370,common_6months,FLOW_POP_CNT_MON,15.920000000000002,45
202511,wkdy,32370,common_6months,FLOW_POP_CNT_TUS,15.07,45
202511,wkdy,32370,common_6months,FLOW_POP_CNT_WED,15.130000000000003,45
202511,wkdy,32370,common_6months,FLOW_POP_CNT_THU,15.190000000000001,45
202511,wkdy,32370,common_6months,FLOW_POP_CNT_FRI,16.17,45
202511,wkdy,32370,common_6months,FLOW_POP_CNT_SAT,16.900000000000002,45
202511,wkdy,32370,common_6months,FLOW_POP_CNT_SUN,15.400000000000002,45
202512,wkdy,32370,all_observed,FLOW_POP_CNT_MON,11.780000000000001,45
202512,wkdy,32370,all_observed,FLOW_POP_CNT_TUS,12.46,45
202512,wkdy,32370,all_observed,FLOW_POP_CNT_WED,11.99,45
202512,wkdy,32370,all_observed,FLOW_POP_CNT_THU,12.090000000000002,45
202512,wkdy,32370,all_observed,FLOW_POP_CNT_FRI,12.620000000000001,45
202512,wkdy,32370,all_observed,FLOW_POP_CNT_SAT,9.51,45
202512,wkdy,32370,all_observed,FLOW_POP_CNT_SUN,8.990000000000002,45
202512,wkdy,32370,common_6months,FLOW_POP_CNT_MON,11.780000000000001,45
202512,wkdy,32370,common_6months,FLOW_POP_CNT_TUS,12.46,45
202512,wkdy,32370,common_6months,FLOW_POP_CNT_WED,11.99,45
202512,wkdy,32370,common_6months,FLOW_POP_CNT_THU,12.090000000000002,45
202512,wkdy,32370,common_6months,FLOW_POP_CNT_FRI,12.620000000000001,45
202512,wkdy,32370,common_6months,FLOW_POP_CNT_SAT,9.51,45
202512,wkdy,32370,common_6months,FLOW_POP_CNT_SUN,8.990000000000002,45
202507,wkdy,32380,all_observed,FLOW_POP_CNT_MON,5.470000000000001,4
202507,wkdy,32380,all_observed,FLOW_POP_CNT_TUS,4.91,4
202507,wkdy,32380,all_observed,FLOW_POP_CNT_WED,4.93,4
202507,wkdy,32380,all_observed,FLOW_POP_CNT_THU,5.06,4
202507,wkdy,32380,all_observed,FLOW_POP_CNT_FRI,5.8,4
202507,wkdy,32380,all_observed,FLOW_POP_CNT_SAT,8.48,4
202507,wkdy,32380,all_observed,FLOW_POP_CNT_SUN,7.01,4
202507,wkdy,32380,common_6months,FLOW_POP_CNT_MON,5.470000000000001,4
202507,wkdy,32380,common_6months,FLOW_POP_CNT_TUS,4.91,4
202507,wkdy,32380,common_6months,FLOW_POP_CNT_WED,4.93,4
202507,wkdy,32380,common_6months,FLOW_POP_CNT_THU,5.06,4
202507,wkdy,32380,common_6months,FLOW_POP_CNT_FRI,5.8,4
202507,wkdy,32380,common_6months,FLOW_POP_CNT_SAT,8.48,4
202507,wkdy,32380,common_6months,FLOW_POP_CNT_SUN,7.01,4
202508,wkdy,32380,all_observed,FLOW_POP_CNT_MON,5.110000000000001,4
202508,wkdy,32380,all_observed,FLOW_POP_CNT_TUS,4.85,4
202508,wkdy,32380,all_observed,FLOW_POP_CNT_WED,4.640000000000001,4
202508,wkdy,32380,all_observed,FLOW_POP_CNT_THU,5.14,4
202508,wkdy,32380,all_observed,FLOW_POP_CNT_FRI,7.93,4
202508,wkdy,32380,all_observed,FLOW_POP_CNT_SAT,9.4,4
202508,wkdy,32380,all_observed,FLOW_POP_CNT_SUN,7.470000000000001,4
202508,wkdy,32380,common_6months,FLOW_POP_CNT_MON,5.110000000000001,4
202508,wkdy,32380,common_6months,FLOW_POP_CNT_TUS,4.85,4
202508,wkdy,32380,common_6months,FLOW_POP_CNT_WED,4.640000000000001,4
202508,wkdy,32380,common_6months,FLOW_POP_CNT_THU,5.14,4
202508,wkdy,32380,common_6months,FLOW_POP_CNT_FRI,7.93,4
202508,wkdy,32380,common_6months,FLOW_POP_CNT_SAT,9.4,4
202508,wkdy,32380,common_6months,FLOW_POP_CNT_SUN,7.470000000000001,4
202509,wkdy,32380,all_observed,FLOW_POP_CNT_MON,4.630000000000001,4
202509,wkdy,32380,all_observed,FLOW_POP_CNT_TUS,4.619999999999999,4
202509,wkdy,32380,all_observed,FLOW_POP_CNT_WED,4.5,4
202509,wkdy,32380,all_observed,FLOW_POP_CNT_THU,4.619999999999999,4
202509,wkdy,32380,all_observed,FLOW_POP_CNT_FRI,5.7,4
202509,wkdy,32380,all_observed,FLOW_POP_CNT_SAT,7.8999999999999995,4
202509,wkdy,32380,all_observed,FLOW_POP_CNT_SUN,6.2700000000000005,4
202509,wkdy,32380,common_6months,FLOW_POP_CNT_MON,4.630000000000001,4
202509,wkdy,32380,common_6months,FLOW_POP_CNT_TUS,4.619999999999999,4
202509,wkdy,32380,common_6months,FLOW_POP_CNT_WED,4.5,4
202509,wkdy,32380,common_6months,FLOW_POP_CNT_THU,4.619999999999999,4
202509,wkdy,32380,common_6months,FLOW_POP_CNT_FRI,5.7,4
202509,wkdy,32380,common_6months,FLOW_POP_CNT_SAT,7.8999999999999995,4
202509,wkdy,32380,common_6months,FLOW_POP_CNT_SUN,6.2700000000000005,4
202510,wkdy,32380,all_observed,FLOW_POP_CNT_MON,5.6000000000000005,4
202510,wkdy,32380,all_observed,FLOW_POP_CNT_TUS,5.62,4
202510,wkdy,32380,all_observed,FLOW_POP_CNT_WED,5.39,4
202510,wkdy,32380,all_observed,FLOW_POP_CNT_THU,5.180000000000001,4
202510,wkdy,32380,all_observed,FLOW_POP_CNT_FRI,5.87,4
202510,wkdy,32380,all_observed,FLOW_POP_CNT_SAT,8.06,4
202510,wkdy,32380,all_observed,FLOW_POP_CNT_SUN,6.81,4
202510,wkdy,32380,common_6months,FLOW_POP_CNT_MON,5.6000000000000005,4
202510,wkdy,32380,common_6months,FLOW_POP_CNT_TUS,5.62,4
202510,wkdy,32380,common_6months,FLOW_POP_CNT_WED,5.39,4
202510,wkdy,32380,common_6months,FLOW_POP_CNT_THU,5.180000000000001,4
202510,wkdy,32380,common_6months,FLOW_POP_CNT_FRI,5.87,4
202510,wkdy,32380,common_6months,FLOW_POP_CNT_SAT,8.06,4
202510,wkdy,32380,common_6months,FLOW_POP_CNT_SUN,6.81,4
202511,wkdy,32380,all_observed,FLOW_POP_CNT_MON,4.430000000000001,4
202511,wkdy,32380,all_observed,FLOW_POP_CNT_TUS,3.53,4
202511,wkdy,32380,all_observed,FLOW_POP_CNT_WED,3.9199999999999995,4
202511,wkdy,32380,all_observed,FLOW_POP_CNT_THU,4.330000000000001,4
202511,wkdy,32380,all_observed,FLOW_POP_CNT_FRI,4.71,4
202511,wkdy,32380,all_observed,FLOW_POP_CNT_SAT,6.8100000000000005,4
202511,wkdy,32380,all_observed,FLOW_POP_CNT_SUN,5.92,4
202511,wkdy,32380,common_6months,FLOW_POP_CNT_MON,4.430000000000001,4
202511,wkdy,32380,common_6months,FLOW_POP_CNT_TUS,3.53,4
202511,wkdy,32380,common_6months,FLOW_POP_CNT_WED,3.9199999999999995,4
202511,wkdy,32380,common_6months,FLOW_POP_CNT_THU,4.330000000000001,4
202511,wkdy,32380,common_6months,FLOW_POP_CNT_FRI,4.71,4
202511,wkdy,32380,common_6months,FLOW_POP_CNT_SAT,6.8100000000000005,4
202511,wkdy,32380,common_6months,FLOW_POP_CNT_SUN,5.92,4
202512,wkdy,32380,all_observed,FLOW_POP_CNT_MON,3.4899999999999998,4
202512,wkdy,32380,all_observed,FLOW_POP_CNT_TUS,3.5199999999999996,4
202512,wkdy,32380,all_observed,FLOW_POP_CNT_WED,3.3599999999999994,4
202512,wkdy,32380,all_observed,FLOW_POP_CNT_THU,3.2299999999999995,4
202512,wkdy,32380,all_observed,FLOW_POP_CNT_FRI,3.76,4
202512,wkdy,32380,all_observed,FLOW_POP_CNT_SAT,4.6000000000000005,4
202512,wkdy,32380,all_observed,FLOW_POP_CNT_SUN,3.4099999999999997,4
202512,wkdy,32380,common_6months,FLOW_POP_CNT_MON,3.4899999999999998,4
202512,wkdy,32380,common_6months,FLOW_POP_CNT_TUS,3.5199999999999996,4
202512,wkdy,32380,common_6months,FLOW_POP_CNT_WED,3.3599999999999994,4
202512,wkdy,32380,common_6months,FLOW_POP_CNT_THU,3.2299999999999995,4
202512,wkdy,32380,common_6months,FLOW_POP_CNT_FRI,3.76,4
202512,wkdy,32380,common_6months,FLOW_POP_CNT_SAT,4.6000000000000005,4
202512,wkdy,32380,common_6months,FLOW_POP_CNT_SUN,3.4099999999999997,4
